seq_id,msg_type,event,stamp_send,stamp_recv,delay_s,buffer_size 
0,joint_state,recv,1757508203.736209,1757508203.736372,0.000163,1
1,joint_state,recv,1757508203.736209,1757508203.736385,0.000175,2
2,joint_state,recv,1757508203.738212,1757508203.738333,0.000121,3
3,joint_state,recv,1757508203.772206,1757508203.772346,0.000140,4
4,joint_state,recv,1757508203.804214,1757508203.804374,0.000160,5
5,joint_state,recv,1757508203.838150,1757508203.838334,0.000184,6
6,joint_state,recv,1757508203.872220,1757508203.872620,0.000400,7
7,joint_state,recv,1757508203.906327,1757508203.906837,0.000510,8
8,joint_state,recv,1757508203.938204,1757508203.939150,0.000946,9
9,joint_state,recv,1757508203.972175,1757508203.972368,0.000193,10
10,joint_state,recv,1757508204.004233,1757508204.004459,0.000225,11
11,joint_state,recv,1757508204.038202,1757508204.038306,0.000104,12
12,joint_state,recv,1757508204.072245,1757508204.072491,0.000247,13
13,joint_state,recv,1757508204.104177,1757508204.104419,0.000242,14
14,joint_state,recv,1757508204.138171,1757508204.138438,0.000267,15
15,joint_state,recv,1757508204.172271,1757508204.172467,0.000197,16
16,joint_state,recv,1757508204.204206,1757508204.204448,0.000241,17
17,joint_state,recv,1757508204.238368,1757508204.238599,0.000231,18
18,joint_state,recv,1757508204.272240,1757508204.272548,0.000308,19
19,joint_state,recv,1757508204.304176,1757508204.304455,0.000279,20
20,joint_state,recv,1757508204.338244,1757508204.338527,0.000283,21
21,joint_state,recv,1757508204.372224,1757508204.372515,0.000291,22
22,joint_state,recv,1757508204.404214,1757508204.404384,0.000170,23
23,joint_state,recv,1757508204.438196,1757508204.438432,0.000236,24
24,joint_state,recv,1757508204.472198,1757508204.472482,0.000283,25
25,joint_state,recv,1757508204.506279,1757508204.506654,0.000375,26
26,joint_state,recv,1757508204.538249,1757508204.538742,0.000493,27
27,joint_state,recv,1757508204.572207,1757508204.572627,0.000420,28
28,joint_state,recv,1757508204.604145,1757508204.604304,0.000158,29
29,joint_state,recv,1757508204.638119,1757508204.638246,0.000127,30
30,joint_state,recv,1757508204.672183,1757508204.672330,0.000148,31
31,joint_state,recv,1757508204.704180,1757508204.704282,0.000102,32
32,joint_state,recv,1757508204.738225,1757508204.738382,0.000156,33
33,joint_state,recv,1757508204.772204,1757508204.772346,0.000142,34
34,joint_state,recv,1757508204.804194,1757508204.804317,0.000122,35
35,joint_state,recv,1757508204.838183,1757508204.838295,0.000112,36
36,joint_state,recv,1757508204.872191,1757508204.872353,0.000162,37
37,joint_state,recv,1757508204.904194,1757508204.904354,0.000160,38
38,joint_state,recv,1757508204.938178,1757508204.938305,0.000126,39
39,joint_state,recv,1757508204.972182,1757508204.972270,0.000088,40
40,joint_state,recv,1757508205.004180,1757508205.004257,0.000077,41
41,joint_state,recv,1757508205.038249,1757508205.038427,0.000178,42
42,joint_state,recv,1757508205.072244,1757508205.072444,0.000200,43
43,joint_state,recv,1757508205.104162,1757508205.104307,0.000145,44
44,joint_state,recv,1757508205.138159,1757508205.138285,0.000127,45
45,joint_state,recv,1757508205.172209,1757508205.172354,0.000145,46
46,joint_state,recv,1757508205.204223,1757508205.204401,0.000177,47
47,joint_state,recv,1757508205.238197,1757508205.238440,0.000243,48
48,joint_state,recv,1757508205.272199,1757508205.272408,0.000209,49
49,joint_state,recv,1757508205.304303,1757508205.304664,0.000361,50
50,joint_state,recv,1757508205.338182,1757508205.338472,0.000290,51
51,joint_state,recv,1757508205.372216,1757508205.372517,0.000300,52
52,joint_state,recv,1757508205.404166,1757508205.404515,0.000349,53
53,joint_state,recv,1757508205.438267,1757508205.438556,0.000290,54
54,joint_state,recv,1757508205.472188,1757508205.472555,0.000367,55
55,joint_state,recv,1757508205.504251,1757508205.504591,0.000340,56
56,joint_state,recv,1757508205.538196,1757508205.538529,0.000333,57
57,joint_state,recv,1757508205.572218,1757508205.572438,0.000220,58
58,joint_state,recv,1757508205.604203,1757508205.604409,0.000206,59
59,joint_state,recv,1757508205.638169,1757508205.638381,0.000212,60
60,joint_state,recv,1757508205.672207,1757508205.672461,0.000254,61
61,joint_state,recv,1757508205.704229,1757508205.704427,0.000198,62
62,joint_state,recv,1757508205.738213,1757508205.738503,0.000290,63
63,joint_state,recv,1757508205.772198,1757508205.772508,0.000309,64
64,joint_state,recv,1757508205.804201,1757508205.804386,0.000185,65
65,joint_state,recv,1757508205.838163,1757508205.838356,0.000193,66
66,joint_state,recv,1757508205.872224,1757508205.872432,0.000208,67
67,joint_state,recv,1757508205.904171,1757508205.904382,0.000211,68
68,joint_state,recv,1757508205.938199,1757508205.938429,0.000231,69
69,joint_state,recv,1757508205.972198,1757508205.972395,0.000197,70
70,joint_state,recv,1757508206.004198,1757508206.004411,0.000213,71
71,joint_state,recv,1757508206.038201,1757508206.038406,0.000204,72
72,joint_state,recv,1757508206.072196,1757508206.072461,0.000265,73
73,joint_state,recv,1757508206.104327,1757508206.104566,0.000238,74
74,joint_state,recv,1757508206.138202,1757508206.138331,0.000130,75
75,joint_state,recv,1757508206.172185,1757508206.172346,0.000161,76
76,joint_state,recv,1757508206.204173,1757508206.204301,0.000128,77
77,joint_state,recv,1757508206.238230,1757508206.238423,0.000194,78
78,joint_state,recv,1757508206.272216,1757508206.272431,0.000215,79
79,joint_state,recv,1757508206.304172,1757508206.304384,0.000212,80
80,joint_state,recv,1757508206.338185,1757508206.338286,0.000100,81
81,joint_state,recv,1757508206.372190,1757508206.372267,0.000077,82
82,joint_state,recv,1757508206.404207,1757508206.404309,0.000103,83
83,joint_state,recv,1757508206.438187,1757508206.438366,0.000179,84
84,joint_state,recv,1757508206.472153,1757508206.472285,0.000132,85
85,joint_state,recv,1757508206.504281,1757508206.504400,0.000119,86
86,joint_state,recv,1757508206.538181,1757508206.538279,0.000098,87
87,joint_state,recv,1757508206.572280,1757508206.572418,0.000138,88
88,joint_state,recv,1757508206.604176,1757508206.604258,0.000081,89
89,joint_state,recv,1757508206.638242,1757508206.638404,0.000162,90
90,joint_state,recv,1757508206.672244,1757508206.672820,0.000576,91
91,joint_state,recv,1757508206.704215,1757508206.704523,0.000308,92
92,joint_state,recv,1757508206.738181,1757508206.738641,0.000459,93
93,joint_state,recv,1757508206.772258,1757508206.772609,0.000351,94
94,joint_state,recv,1757508206.806193,1757508206.806595,0.000401,95
95,joint_state,recv,1757508206.838214,1757508206.838626,0.000412,96
96,joint_state,recv,1757508206.872256,1757508206.872636,0.000379,97
97,joint_state,recv,1757508206.906181,1757508206.906568,0.000387,98
98,joint_state,recv,1757508206.938267,1757508206.938627,0.000360,99
99,joint_state,recv,1757508206.972225,1757508206.972604,0.000379,100
100,joint_state,recv,1757508207.006213,1757508207.006659,0.000446,101
101,joint_state,recv,1757508207.038197,1757508207.038589,0.000392,102
102,joint_state,recv,1757508207.072220,1757508207.072563,0.000342,103
103,joint_state,recv,1757508207.106213,1757508207.106614,0.000401,104
104,joint_state,recv,1757508207.138192,1757508207.138634,0.000442,105
105,joint_state,recv,1757508207.172229,1757508207.172632,0.000403,106
106,joint_state,recv,1757508207.204184,1757508207.204530,0.000346,107
107,joint_state,recv,1757508207.238211,1757508207.238594,0.000383,108
108,joint_state,recv,1757508207.272235,1757508207.272627,0.000392,109
109,joint_state,recv,1757508207.306210,1757508207.306614,0.000404,110
110,joint_state,recv,1757508207.338228,1757508207.338645,0.000416,111
111,joint_state,recv,1757508207.372255,1757508207.372750,0.000495,112
112,joint_state,recv,1757508207.406255,1757508207.406614,0.000358,113
113,joint_state,recv,1757508207.438278,1757508207.438653,0.000375,114
114,joint_state,recv,1757508207.472262,1757508207.472611,0.000349,115
115,joint_state,recv,1757508207.504256,1757508207.504641,0.000385,116
116,joint_state,recv,1757508207.538193,1757508207.538659,0.000466,117
117,joint_state,recv,1757508207.572224,1757508207.572480,0.000256,118
118,joint_state,recv,1757508207.604189,1757508207.604342,0.000153,119
119,joint_state,recv,1757508207.638166,1757508207.638385,0.000219,120
120,joint_state,recv,1757508207.672252,1757508207.672657,0.000404,121
121,joint_state,recv,1757508207.706266,1757508207.706722,0.000456,122
122,joint_state,recv,1757508207.738278,1757508207.738704,0.000426,123
123,joint_state,recv,1757508207.772303,1757508207.772737,0.000434,124
124,joint_state,recv,1757508207.806234,1757508207.806664,0.000429,125
125,joint_state,recv,1757508207.838172,1757508207.838695,0.000523,126
126,joint_state,recv,1757508207.872226,1757508207.872631,0.000405,127
127,joint_state,recv,1757508207.906285,1757508207.906722,0.000437,128
128,joint_state,recv,1757508207.938191,1757508207.938657,0.000466,129
129,joint_state,recv,1757508207.972228,1757508207.972650,0.000423,130
130,joint_state,recv,1757508208.006291,1757508208.006688,0.000397,131
131,joint_state,recv,1757508208.038335,1757508208.038781,0.000446,132
132,joint_state,recv,1757508208.072279,1757508208.072673,0.000395,133
133,joint_state,recv,1757508208.106265,1757508208.106683,0.000418,134
134,joint_state,recv,1757508208.138271,1757508208.138776,0.000505,135
135,joint_state,recv,1757508208.172263,1757508208.172682,0.000419,136
136,joint_state,recv,1757508208.206278,1757508208.206684,0.000406,137
137,joint_state,recv,1757508208.238203,1757508208.238613,0.000411,138
138,joint_state,recv,1757508208.272281,1757508208.272766,0.000485,139
139,joint_state,recv,1757508208.306266,1757508208.306672,0.000406,140
140,joint_state,recv,1757508208.338279,1757508208.338721,0.000443,141
141,joint_state,recv,1757508208.372222,1757508208.372691,0.000469,142
142,control_mode,changed,,,,follow
143,traj_follow,enqueue,1757508208.401655,,,1
144,traj_follow,dequeue,1757508208.401655,1757508208.401655,0.0,1
145,joint_state,recv,1757508208.406196,1757508208.406659,0.000463,143
146,traj_follow,enqueue,1757508208.434317,,,2
147,traj_follow,dequeue,1757508208.434317,1757508208.434317,0.0,2
148,joint_state,recv,1757508208.438486,1757508208.438902,0.000416,144
149,traj_follow,enqueue,1757508208.468018,,,3
150,traj_follow,dequeue,1757508208.468018,1757508208.468018,0.0,3
151,joint_state,recv,1757508208.472188,1757508208.472381,0.000193,145
152,traj_follow,enqueue,1757508208.501631,,,4
153,traj_follow,dequeue,1757508208.501631,1757508208.501631,0.0,4
154,joint_state,recv,1757508208.504210,1757508208.504335,0.000125,146
155,traj_follow,enqueue,1757508208.534524,,,5
156,traj_follow,dequeue,1757508208.534524,1757508208.534524,0.0,5
157,joint_state,recv,1757508208.538248,1757508208.538400,0.000151,147
158,traj_follow,enqueue,1757508208.568033,,,6
159,traj_follow,dequeue,1757508208.568033,1757508208.568033,0.0,6
160,joint_state,recv,1757508208.572180,1757508208.572321,0.000141,148
161,traj_follow,enqueue,1757508208.601854,,,7
162,traj_follow,dequeue,1757508208.601854,1757508208.601854,0.0,7
163,joint_state,recv,1757508208.604222,1757508208.604377,0.000155,149
164,traj_follow,enqueue,1757508208.634484,,,8
165,traj_follow,dequeue,1757508208.634484,1757508208.634484,0.0,8
166,joint_state,recv,1757508208.638182,1757508208.638356,0.000175,150
167,traj_follow,enqueue,1757508208.668240,,,9
168,traj_follow,dequeue,1757508208.668240,1757508208.668240,0.0,9
169,joint_state,recv,1757508208.672183,1757508208.672343,0.000161,151
170,traj_follow,enqueue,1757508208.701810,,,10
171,traj_follow,dequeue,1757508208.701810,1757508208.701810,0.0,10
172,joint_state,recv,1757508208.704215,1757508208.704366,0.000152,152
173,traj_follow,enqueue,1757508208.735104,,,11
174,traj_follow,dequeue,1757508208.735104,1757508208.735104,0.0,11
175,joint_state,recv,1757508208.738209,1757508208.738389,0.000180,153
176,traj_follow,enqueue,1757508208.768565,,,12
177,traj_follow,dequeue,1757508208.768565,1757508208.768565,0.0,12
178,joint_state,recv,1757508208.772211,1757508208.772368,0.000156,154
179,traj_follow,enqueue,1757508208.801623,,,13
180,traj_follow,dequeue,1757508208.801623,1757508208.801623,0.0,13
181,joint_state,recv,1757508208.804180,1757508208.804323,0.000144,155
182,traj_follow,enqueue,1757508208.834972,,,14
183,traj_follow,dequeue,1757508208.834972,1757508208.834972,0.0,14
184,joint_state,recv,1757508208.838188,1757508208.838443,0.000255,156
185,traj_follow,enqueue,1757508208.868725,,,15
186,traj_follow,dequeue,1757508208.868725,1757508208.868725,0.0,15
187,joint_state,recv,1757508208.872220,1757508208.872457,0.000237,157
188,traj_follow,enqueue,1757508208.901812,,,16
189,traj_follow,dequeue,1757508208.901812,1757508208.901812,0.0,16
190,joint_state,recv,1757508208.904222,1757508208.904422,0.000200,158
191,traj_follow,enqueue,1757508208.934869,,,17
192,traj_follow,dequeue,1757508208.934869,1757508208.934869,0.0,17
193,joint_state,recv,1757508208.938213,1757508208.938491,0.000278,159
194,traj_follow,enqueue,1757508208.968507,,,18
195,traj_follow,dequeue,1757508208.968507,1757508208.968507,0.0,18
196,joint_state,recv,1757508208.972200,1757508208.972445,0.000245,160
197,traj_follow,enqueue,1757508209.002119,,,19
198,traj_follow,dequeue,1757508209.002119,1757508209.002119,0.0,19
199,joint_state,recv,1757508209.004279,1757508209.004434,0.000155,161
200,traj_follow,enqueue,1757508209.034959,,,20
201,traj_follow,dequeue,1757508209.034959,1757508209.034959,0.0,20
202,joint_state,recv,1757508209.038155,1757508209.038313,0.000158,162
203,traj_follow,enqueue,1757508209.068453,,,21
204,traj_follow,dequeue,1757508209.068453,1757508209.068453,0.0,21
205,joint_state,recv,1757508209.072179,1757508209.072299,0.000120,163
206,traj_follow,enqueue,1757508209.101927,,,22
207,traj_follow,dequeue,1757508209.101927,1757508209.101927,0.0,22
208,joint_state,recv,1757508209.104185,1757508209.104286,0.000101,164
209,traj_follow,enqueue,1757508209.135398,,,23
210,traj_follow,dequeue,1757508209.135398,1757508209.135398,0.0,23
211,joint_state,recv,1757508209.138154,1757508209.138299,0.000145,165
212,traj_follow,enqueue,1757508209.168704,,,24
213,traj_follow,dequeue,1757508209.168704,1757508209.168704,0.0,24
214,joint_state,recv,1757508209.172193,1757508209.172386,0.000193,166
215,traj_follow,enqueue,1757508209.202166,,,25
216,traj_follow,dequeue,1757508209.202166,1757508209.202166,0.0,25
217,joint_state,recv,1757508209.206246,1757508209.206412,0.000165,167
218,traj_follow,enqueue,1757508209.235348,,,26
219,traj_follow,dequeue,1757508209.235348,1757508209.235348,0.0,26
220,joint_state,recv,1757508209.238158,1757508209.238285,0.000128,168
221,traj_follow,enqueue,1757508209.268989,,,27
222,traj_follow,dequeue,1757508209.268989,1757508209.268989,0.0,27
223,joint_state,recv,1757508209.272186,1757508209.272273,0.000087,169
224,traj_follow,enqueue,1757508209.301606,,,28
225,traj_follow,dequeue,1757508209.301606,1757508209.301606,0.0,28
226,joint_state,recv,1757508209.304156,1757508209.304271,0.000115,170
227,traj_follow,enqueue,1757508209.335356,,,29
228,traj_follow,dequeue,1757508209.335356,1757508209.335356,0.0,29
229,joint_state,recv,1757508209.338161,1757508209.338348,0.000186,171
230,traj_follow,enqueue,1757508209.369320,,,30
231,traj_follow,dequeue,1757508209.369320,1757508209.369320,0.0,30
232,joint_state,recv,1757508209.372282,1757508209.372600,0.000318,172
233,traj_follow,enqueue,1757508209.402012,,,31
234,traj_follow,dequeue,1757508209.402012,1757508209.402012,0.0,31
235,joint_state,recv,1757508209.404200,1757508209.404485,0.000285,173
236,traj_follow,enqueue,1757508209.435609,,,32
237,traj_follow,dequeue,1757508209.435609,1757508209.435609,0.0,32
238,joint_state,recv,1757508209.438190,1757508209.438495,0.000306,174
239,traj_follow,enqueue,1757508209.468878,,,33
240,traj_follow,dequeue,1757508209.468878,1757508209.468878,0.0,33
241,joint_state,recv,1757508209.472233,1757508209.472485,0.000252,175
242,traj_follow,enqueue,1757508209.502301,,,34
243,traj_follow,dequeue,1757508209.502301,1757508209.502301,0.0,34
244,joint_state,recv,1757508209.506211,1757508209.506578,0.000367,176
245,traj_follow,enqueue,1757508209.535643,,,35
246,traj_follow,dequeue,1757508209.535643,1757508209.535643,0.0,35
247,joint_state,recv,1757508209.538184,1757508209.538492,0.000308,177
248,traj_follow,enqueue,1757508209.569137,,,36
249,traj_follow,dequeue,1757508209.569137,1757508209.569137,0.0,36
250,joint_state,recv,1757508209.572227,1757508209.572413,0.000186,178
251,traj_follow,enqueue,1757508209.602390,,,37
252,traj_follow,dequeue,1757508209.602390,1757508209.602390,0.0,37
253,joint_state,recv,1757508209.604218,1757508209.604390,0.000172,179
254,traj_follow,enqueue,1757508209.635811,,,38
255,traj_follow,dequeue,1757508209.635811,1757508209.635811,0.0,38
256,joint_state,recv,1757508209.638189,1757508209.638409,0.000219,180
257,traj_follow,enqueue,1757508209.669246,,,39
258,traj_follow,dequeue,1757508209.669246,1757508209.669246,0.0,39
259,joint_state,recv,1757508209.672209,1757508209.672328,0.000120,181
260,traj_follow,enqueue,1757508209.702588,,,40
261,traj_follow,dequeue,1757508209.702588,1757508209.702588,0.0,40
262,joint_state,recv,1757508209.704187,1757508209.704306,0.000119,182
263,traj_follow,enqueue,1757508209.735436,,,41
264,traj_follow,dequeue,1757508209.735436,1757508209.735436,0.0,41
265,joint_state,recv,1757508209.738155,1757508209.738334,0.000178,183
266,traj_follow,enqueue,1757508209.769150,,,42
267,traj_follow,dequeue,1757508209.769150,1757508209.769150,0.0,42
268,joint_state,recv,1757508209.772219,1757508209.772360,0.000141,184
269,traj_follow,enqueue,1757508209.802095,,,43
270,traj_follow,dequeue,1757508209.802095,1757508209.802095,0.0,43
271,joint_state,recv,1757508209.804222,1757508209.804363,0.000141,185
272,traj_follow,enqueue,1757508209.835290,,,44
273,traj_follow,dequeue,1757508209.835290,1757508209.835290,0.0,44
274,joint_state,recv,1757508209.838186,1757508209.838357,0.000171,186
275,traj_follow,enqueue,1757508209.868844,,,45
276,traj_follow,dequeue,1757508209.868844,1757508209.868844,0.0,45
277,joint_state,recv,1757508209.872182,1757508209.872320,0.000138,187
278,traj_follow,enqueue,1757508209.902388,,,46
279,traj_follow,dequeue,1757508209.902388,1757508209.902388,0.0,46
280,joint_state,recv,1757508209.904166,1757508209.904349,0.000184,188
281,traj_follow,enqueue,1757508209.935827,,,47
282,traj_follow,dequeue,1757508209.935827,1757508209.935827,0.0,47
283,joint_state,recv,1757508209.938273,1757508209.938705,0.000432,189
284,traj_follow,enqueue,1757508209.968725,,,48
285,traj_follow,dequeue,1757508209.968725,1757508209.968725,0.0,48
286,joint_state,recv,1757508209.972205,1757508209.972713,0.000509,190
287,traj_follow,enqueue,1757508210.002558,,,49
288,traj_follow,dequeue,1757508210.002558,1757508210.002558,0.0,49
289,joint_state,recv,1757508210.006203,1757508210.006844,0.000641,191
290,traj_follow,enqueue,1757508210.036001,,,50
291,traj_follow,dequeue,1757508210.036001,1757508210.036001,0.0,50
292,joint_state,recv,1757508210.038202,1757508210.038653,0.000451,192
293,traj_follow,enqueue,1757508210.069485,,,51
294,traj_follow,dequeue,1757508210.069485,1757508210.069485,0.0,51
295,joint_state,recv,1757508210.072253,1757508210.072751,0.000498,193
296,traj_follow,enqueue,1757508210.102412,,,52
297,traj_follow,dequeue,1757508210.102412,1757508210.102412,0.0,52
298,joint_state,recv,1757508210.106208,1757508210.107188,0.000980,194
299,traj_follow,enqueue,1757508210.136127,,,53
300,traj_follow,dequeue,1757508210.136127,1757508210.136127,0.0,53
301,joint_state,recv,1757508210.138196,1757508210.138696,0.000500,195
302,traj_follow,enqueue,1757508210.169534,,,54
303,traj_follow,dequeue,1757508210.169534,1757508210.169534,0.0,54
304,joint_state,recv,1757508210.172285,1757508210.172860,0.000575,196
305,traj_follow,enqueue,1757508210.202442,,,55
306,traj_follow,dequeue,1757508210.202442,1757508210.202442,0.0,55
307,joint_state,recv,1757508210.206282,1757508210.206813,0.000531,197
308,traj_follow,enqueue,1757508210.235880,,,56
309,traj_follow,dequeue,1757508210.235880,1757508210.235880,0.0,56
310,joint_state,recv,1757508210.238919,1757508210.239408,0.000489,198
311,traj_follow,enqueue,1757508210.269395,,,57
312,traj_follow,dequeue,1757508210.269395,1757508210.269395,0.0,57
313,joint_state,recv,1757508210.272174,1757508210.272482,0.000308,199
314,traj_follow,enqueue,1757508210.302541,,,58
315,traj_follow,dequeue,1757508210.302541,1757508210.302541,0.0,58
316,joint_state,recv,1757508210.304226,1757508210.304481,0.000254,200
317,traj_follow,enqueue,1757508210.335922,,,59
318,traj_follow,dequeue,1757508210.335922,1757508210.335922,0.0,59
319,joint_state,recv,1757508210.338211,1757508210.338501,0.000290,201
320,traj_follow,enqueue,1757508210.372100,,,60
321,traj_follow,dequeue,1757508210.372100,1757508210.372100,0.0,60
322,joint_state,recv,1757508210.372294,1757508210.372618,0.000324,202
323,traj_follow,enqueue,1757508210.405359,,,61
324,traj_follow,dequeue,1757508210.405359,1757508210.405359,0.0,61
325,joint_state,recv,1757508210.406173,1757508210.406487,0.000314,203
326,traj_follow,enqueue,1757508210.436052,,,62
327,traj_follow,dequeue,1757508210.436052,1757508210.436052,0.0,62
328,joint_state,recv,1757508210.438262,1757508210.438568,0.000306,204
329,traj_follow,enqueue,1757508210.469354,,,63
330,traj_follow,dequeue,1757508210.469354,1757508210.469354,0.0,63
331,joint_state,recv,1757508210.472219,1757508210.472447,0.000228,205
332,traj_follow,enqueue,1757508210.503079,,,64
333,traj_follow,dequeue,1757508210.503079,1757508210.503079,0.0,64
334,joint_state,recv,1757508210.504210,1757508210.504350,0.000141,206
335,traj_follow,enqueue,1757508210.536170,,,65
336,traj_follow,dequeue,1757508210.536170,1757508210.536170,0.0,65
337,joint_state,recv,1757508210.538181,1757508210.538392,0.000210,207
338,traj_follow,enqueue,1757508210.569293,,,66
339,traj_follow,dequeue,1757508210.569293,1757508210.569293,0.0,66
340,joint_state,recv,1757508210.572206,1757508210.572357,0.000151,208
341,traj_follow,enqueue,1757508210.603808,,,67
342,traj_follow,dequeue,1757508210.603808,1757508210.603808,0.0,67
343,joint_state,recv,1757508210.604156,1757508210.604250,0.000094,209
344,traj_follow,enqueue,1757508210.636292,,,68
345,traj_follow,dequeue,1757508210.636292,1757508210.636292,0.0,68
346,joint_state,recv,1757508210.638180,1757508210.638270,0.000090,210
347,traj_follow,enqueue,1757508210.670166,,,69
348,traj_follow,dequeue,1757508210.670166,1757508210.670166,0.0,69
349,joint_state,recv,1757508210.672186,1757508210.672280,0.000094,211
350,traj_follow,enqueue,1757508210.703208,,,70
351,traj_follow,dequeue,1757508210.703208,1757508210.703208,0.0,70
352,joint_state,recv,1757508210.704159,1757508210.704247,0.000088,212
353,traj_follow,enqueue,1757508210.736896,,,71
354,traj_follow,dequeue,1757508210.736896,1757508210.736896,0.0,71
355,joint_state,recv,1757508210.738184,1757508210.738318,0.000134,213
356,traj_follow,enqueue,1757508210.770164,,,72
357,traj_follow,dequeue,1757508210.770164,1757508210.770164,0.0,72
358,joint_state,recv,1757508210.772196,1757508210.772311,0.000115,214
359,traj_follow,enqueue,1757508210.803420,,,73
360,traj_follow,dequeue,1757508210.803420,1757508210.803420,0.0,73
361,joint_state,recv,1757508210.804154,1757508210.804268,0.000114,215
362,traj_follow,enqueue,1757508210.836983,,,74
363,traj_follow,dequeue,1757508210.836983,1757508210.836983,0.0,74
364,joint_state,recv,1757508210.838202,1757508210.838359,0.000157,216
365,traj_follow,enqueue,1757508210.869710,,,75
366,traj_follow,dequeue,1757508210.869710,1757508210.869710,0.0,75
367,joint_state,recv,1757508210.872210,1757508210.872366,0.000156,217
368,traj_follow,enqueue,1757508210.903132,,,76
369,traj_follow,dequeue,1757508210.903132,1757508210.903132,0.0,76
370,joint_state,recv,1757508210.904182,1757508210.904302,0.000120,218
371,traj_follow,enqueue,1757508210.936567,,,77
372,traj_follow,dequeue,1757508210.936567,1757508210.936567,0.0,77
373,joint_state,recv,1757508210.938184,1757508210.938349,0.000165,219
374,traj_follow,enqueue,1757508210.970214,,,78
375,traj_follow,dequeue,1757508210.970214,1757508210.970214,0.0,78
376,joint_state,recv,1757508210.972158,1757508210.972363,0.000205,220
377,traj_follow,enqueue,1757508211.003301,,,79
378,traj_follow,dequeue,1757508211.003301,1757508211.003301,0.0,79
379,joint_state,recv,1757508211.004200,1757508211.004341,0.000141,221
380,traj_follow,enqueue,1757508211.036317,,,80
381,traj_follow,dequeue,1757508211.036317,1757508211.036317,0.0,80
382,joint_state,recv,1757508211.038148,1757508211.038332,0.000185,222
383,traj_follow,enqueue,1757508211.070530,,,81
384,traj_follow,dequeue,1757508211.070530,1757508211.070530,0.0,81
385,joint_state,recv,1757508211.072222,1757508211.072408,0.000186,223
386,traj_follow,enqueue,1757508211.103762,,,82
387,traj_follow,dequeue,1757508211.103762,1757508211.103762,0.0,82
388,joint_state,recv,1757508211.104222,1757508211.104372,0.000149,224
389,traj_follow,enqueue,1757508211.136844,,,83
390,traj_follow,dequeue,1757508211.136844,1757508211.136844,0.0,83
391,joint_state,recv,1757508211.138204,1757508211.138468,0.000264,225
392,traj_follow,enqueue,1757508211.170511,,,84
393,traj_follow,dequeue,1757508211.170511,1757508211.170511,0.0,84
394,joint_state,recv,1757508211.172167,1757508211.172327,0.000160,226
395,traj_follow,enqueue,1757508211.204248,,,85
396,traj_follow,dequeue,1757508211.204248,1757508211.204248,0.0,85
397,joint_state,recv,1757508211.204200,1757508211.204376,0.000176,227
398,traj_follow,enqueue,1757508211.237091,,,86
399,traj_follow,dequeue,1757508211.237091,1757508211.237091,0.0,86
400,joint_state,recv,1757508211.238178,1757508211.238486,0.000308,228
401,traj_follow,enqueue,1757508211.270090,,,87
402,traj_follow,dequeue,1757508211.270090,1757508211.270090,0.0,87
403,joint_state,recv,1757508211.272245,1757508211.272515,0.000270,229
404,traj_follow,enqueue,1757508211.303916,,,88
405,traj_follow,dequeue,1757508211.303916,1757508211.303916,0.0,88
406,joint_state,recv,1757508211.304707,1757508211.304931,0.000224,230
407,traj_follow,enqueue,1757508211.336818,,,89
408,traj_follow,dequeue,1757508211.336818,1757508211.336818,0.0,89
409,joint_state,recv,1757508211.338211,1757508211.338574,0.000364,231
410,traj_follow,enqueue,1757508211.370250,,,90
411,traj_follow,dequeue,1757508211.370250,1757508211.370250,0.0,90
412,joint_state,recv,1757508211.372195,1757508211.372439,0.000245,232
413,traj_follow,enqueue,1757508211.403619,,,91
414,traj_follow,dequeue,1757508211.403619,1757508211.403619,0.0,91
415,joint_state,recv,1757508211.404202,1757508211.404466,0.000264,233
416,traj_follow,enqueue,1757508211.436911,,,92
417,traj_follow,dequeue,1757508211.436911,1757508211.436911,0.0,92
418,joint_state,recv,1757508211.438180,1757508211.438475,0.000295,234
419,traj_follow,enqueue,1757508211.470335,,,93
420,traj_follow,dequeue,1757508211.470335,1757508211.470335,0.0,93
421,joint_state,recv,1757508211.472183,1757508211.472512,0.000329,235
422,traj_follow,enqueue,1757508211.503770,,,94
423,traj_follow,dequeue,1757508211.503770,1757508211.503770,0.0,94
424,joint_state,recv,1757508211.504194,1757508211.504498,0.000304,236
425,traj_follow,enqueue,1757508211.536946,,,95
426,traj_follow,dequeue,1757508211.536946,1757508211.536946,0.0,95
427,joint_state,recv,1757508211.538179,1757508211.538475,0.000297,237
428,traj_follow,enqueue,1757508211.570456,,,96
429,traj_follow,dequeue,1757508211.570456,1757508211.570456,0.0,96
430,joint_state,recv,1757508211.572198,1757508211.572481,0.000283,238
431,traj_follow,enqueue,1757508211.603550,,,97
432,traj_follow,dequeue,1757508211.603550,1757508211.603550,0.0,97
433,joint_state,recv,1757508211.604203,1757508211.604434,0.000231,239
434,traj_follow,enqueue,1757508211.637117,,,98
435,traj_follow,dequeue,1757508211.637117,1757508211.637117,0.0,98
436,joint_state,recv,1757508211.638164,1757508211.638418,0.000254,240
437,traj_follow,enqueue,1757508211.670449,,,99
438,traj_follow,dequeue,1757508211.670449,1757508211.670449,0.0,99
439,joint_state,recv,1757508211.672237,1757508211.672415,0.000177,241
440,traj_follow,enqueue,1757508211.703526,,,100
441,traj_follow,dequeue,1757508211.703526,1757508211.703526,0.0,100
442,joint_state,recv,1757508211.704175,1757508211.704387,0.000212,242
443,traj_follow,enqueue,1757508211.737739,,,101
444,traj_follow,dequeue,1757508211.737739,1757508211.737739,0.0,101
445,joint_state,recv,1757508211.738169,1757508211.738462,0.000293,243
446,traj_follow,enqueue,1757508211.770480,,,102
447,traj_follow,dequeue,1757508211.770480,1757508211.770480,0.0,102
448,joint_state,recv,1757508211.772197,1757508211.772422,0.000225,244
449,traj_follow,enqueue,1757508211.804107,,,103
450,traj_follow,dequeue,1757508211.804107,1757508211.804107,0.0,103
451,joint_state,recv,1757508211.804172,1757508211.804389,0.000217,245
452,traj_follow,enqueue,1757508211.837593,,,104
453,traj_follow,dequeue,1757508211.837593,1757508211.837593,0.0,104
454,joint_state,recv,1757508211.838201,1757508211.838413,0.000212,246
455,traj_follow,enqueue,1757508211.870452,,,105
456,traj_follow,dequeue,1757508211.870452,1757508211.870452,0.0,105
457,joint_state,recv,1757508211.872224,1757508211.872464,0.000240,247
458,traj_follow,enqueue,1757508211.903734,,,106
459,traj_follow,dequeue,1757508211.903734,1757508211.903734,0.0,106
460,joint_state,recv,1757508211.904171,1757508211.904431,0.000259,248
461,traj_follow,enqueue,1757508211.936983,,,107
462,traj_follow,dequeue,1757508211.936983,1757508211.936983,0.0,107
463,joint_state,recv,1757508211.938186,1757508211.938500,0.000314,249
464,traj_follow,enqueue,1757508211.970909,,,108
465,traj_follow,dequeue,1757508211.970909,1757508211.970909,0.0,108
466,joint_state,recv,1757508211.972213,1757508211.972480,0.000268,250
467,traj_follow,enqueue,1757508212.003995,,,109
468,traj_follow,dequeue,1757508212.003995,1757508212.003995,0.0,109
469,joint_state,recv,1757508212.004181,1757508212.004316,0.000135,251
470,joint_state,recv,1757508212.038199,1757508212.038375,0.000176,252
471,traj_follow,enqueue,1757508212.040566,,,110
472,traj_follow,dequeue,1757508212.040566,1757508212.040566,0.0,110
473,joint_state,recv,1757508212.072214,1757508212.072406,0.000192,253
474,traj_follow,enqueue,1757508212.073173,,,111
475,traj_follow,dequeue,1757508212.073173,1757508212.073173,0.0,111
476,joint_state,recv,1757508212.104239,1757508212.104414,0.000176,254
477,traj_follow,enqueue,1757508212.106162,,,112
478,traj_follow,dequeue,1757508212.106162,1757508212.106162,0.0,112
479,traj_follow,enqueue,1757508212.137260,,,113
480,traj_follow,dequeue,1757508212.137260,1757508212.137260,0.0,113
481,joint_state,recv,1757508212.138462,1757508212.138759,0.000298,255
482,traj_follow,enqueue,1757508212.170447,,,114
483,traj_follow,dequeue,1757508212.170447,1757508212.170447,0.0,114
484,joint_state,recv,1757508212.172255,1757508212.172589,0.000334,256
485,traj_follow,enqueue,1757508212.203916,,,115
486,traj_follow,dequeue,1757508212.203916,1757508212.203916,0.0,115
487,joint_state,recv,1757508212.206206,1757508212.206637,0.000432,257
488,traj_follow,enqueue,1757508212.237397,,,116
489,traj_follow,dequeue,1757508212.237397,1757508212.237397,0.0,116
490,joint_state,recv,1757508212.238191,1757508212.238611,0.000420,258
491,traj_follow,enqueue,1757508212.270570,,,117
492,traj_follow,dequeue,1757508212.270570,1757508212.270570,0.0,117
493,joint_state,recv,1757508212.272195,1757508212.272613,0.000418,259
494,traj_follow,enqueue,1757508212.304142,,,118
495,traj_follow,dequeue,1757508212.304142,1757508212.304142,0.0,118
496,joint_state,recv,1757508212.306292,1757508212.306621,0.000329,260
497,traj_follow,enqueue,1757508212.338137,,,119
498,traj_follow,dequeue,1757508212.338137,1757508212.338137,0.0,119
499,joint_state,recv,1757508212.338183,1757508212.338562,0.000379,261
500,traj_follow,enqueue,1757508212.370851,,,120
501,traj_follow,dequeue,1757508212.370851,1757508212.370851,0.0,120
502,joint_state,recv,1757508212.372231,1757508212.372616,0.000385,262
503,traj_follow,enqueue,1757508212.404191,,,121
504,traj_follow,dequeue,1757508212.404191,1757508212.404191,0.0,121
505,joint_state,recv,1757508212.406196,1757508212.406610,0.000414,263
506,traj_follow,enqueue,1757508212.437600,,,122
507,traj_follow,dequeue,1757508212.437600,1757508212.437600,0.0,122
508,joint_state,recv,1757508212.438197,1757508212.438565,0.000368,264
509,traj_follow,enqueue,1757508212.470816,,,123
510,traj_follow,dequeue,1757508212.470816,1757508212.470816,0.0,123
511,joint_state,recv,1757508212.472447,1757508212.472748,0.000301,265
512,traj_follow,enqueue,1757508212.504309,,,124
513,traj_follow,dequeue,1757508212.504309,1757508212.504309,0.0,124
514,joint_state,recv,1757508212.504369,1757508212.504551,0.000182,266
515,traj_follow,enqueue,1757508212.537677,,,125
516,traj_follow,dequeue,1757508212.537677,1757508212.537677,0.0,125
517,joint_state,recv,1757508212.538367,1757508212.538487,0.000119,267
518,traj_follow,enqueue,1757508212.571282,,,126
519,traj_follow,dequeue,1757508212.571282,1757508212.571282,0.0,126
520,joint_state,recv,1757508212.572425,1757508212.572566,0.000141,268
521,joint_state,recv,1757508212.604393,1757508212.604550,0.000157,269
522,traj_follow,enqueue,1757508212.604802,,,127
523,traj_follow,dequeue,1757508212.604802,1757508212.604802,0.0,127
524,traj_follow,enqueue,1757508212.637618,,,128
525,traj_follow,dequeue,1757508212.637618,1757508212.637618,0.0,128
526,joint_state,recv,1757508212.638328,1757508212.638527,0.000199,270
527,traj_follow,enqueue,1757508212.671891,,,129
528,traj_follow,dequeue,1757508212.671891,1757508212.671891,0.0,129
529,joint_state,recv,1757508212.672338,1757508212.672453,0.000115,271
530,traj_follow,enqueue,1757508212.704426,,,130
531,traj_follow,dequeue,1757508212.704426,1757508212.704426,0.0,130
532,joint_state,recv,1757508212.704394,1757508212.704492,0.000098,272
533,traj_follow,enqueue,1757508212.737741,,,131
534,traj_follow,dequeue,1757508212.737741,1757508212.737741,0.0,131
535,joint_state,recv,1757508212.738392,1757508212.738544,0.000152,273
536,traj_follow,enqueue,1757508212.771212,,,132
537,traj_follow,dequeue,1757508212.771212,1757508212.771212,0.0,132
538,joint_state,recv,1757508212.772386,1757508212.772495,0.000109,274
539,joint_state,recv,1757508212.804424,1757508212.804796,0.000371,275
540,traj_follow,enqueue,1757508212.804878,,,133
541,traj_follow,dequeue,1757508212.804878,1757508212.804878,0.0,133
542,traj_follow,enqueue,1757508212.838058,,,134
543,traj_follow,dequeue,1757508212.838058,1757508212.838058,0.0,134
544,joint_state,recv,1757508212.838400,1757508212.838679,0.000279,276
545,joint_state,recv,1757508212.872515,1757508212.872811,0.000296,277
546,joint_state,recv,1757508212.904427,1757508212.904855,0.000428,278
547,traj_follow,enqueue,1757508212.905030,,,135
548,traj_follow,dequeue,1757508212.905030,1757508212.905030,0.0,135
549,traj_follow,enqueue,1757508212.938071,,,136
550,traj_follow,dequeue,1757508212.938071,1757508212.938071,0.0,136
551,joint_state,recv,1757508212.938485,1757508212.939009,0.000524,279
552,traj_follow,enqueue,1757508212.972120,,,137
553,traj_follow,dequeue,1757508212.972120,1757508212.972120,0.0,137
554,joint_state,recv,1757508212.972435,1757508212.972719,0.000283,280
555,joint_state,recv,1757508213.004412,1757508213.004587,0.000175,281
556,traj_follow,enqueue,1757508213.004915,,,138
557,traj_follow,dequeue,1757508213.004915,1757508213.004915,0.0,138
558,traj_follow,enqueue,1757508213.038476,,,139
559,traj_follow,dequeue,1757508213.038476,1757508213.038476,0.0,139
560,joint_state,recv,1757508213.038411,1757508213.038624,0.000213,282
561,traj_follow,enqueue,1757508213.071698,,,140
562,traj_follow,dequeue,1757508213.071698,1757508213.071698,0.0,140
563,joint_state,recv,1757508213.072380,1757508213.072546,0.000167,283
564,joint_state,recv,1757508213.104382,1757508213.104564,0.000182,284
565,traj_follow,enqueue,1757508213.107966,,,141
566,traj_follow,dequeue,1757508213.107966,1757508213.107966,0.0,141
567,joint_state,recv,1757508213.138402,1757508213.138664,0.000262,285
568,traj_follow,enqueue,1757508213.141137,,,142
569,traj_follow,dequeue,1757508213.141137,1757508213.141137,0.0,142
570,joint_state,recv,1757508213.172397,1757508213.172696,0.000298,286
571,traj_follow,enqueue,1757508213.176045,,,143
572,traj_follow,dequeue,1757508213.176045,1757508213.176045,0.0,143
573,joint_state,recv,1757508213.204420,1757508213.204705,0.000285,287
574,traj_follow,enqueue,1757508213.207171,,,144
575,traj_follow,dequeue,1757508213.207171,1757508213.207171,0.0,144
576,traj_follow,enqueue,1757508213.238131,,,145
577,traj_follow,dequeue,1757508213.238131,1757508213.238131,0.0,145
578,joint_state,recv,1757508213.238392,1757508213.238679,0.000287,288
579,traj_follow,enqueue,1757508213.271597,,,146
580,traj_follow,dequeue,1757508213.271597,1757508213.271597,0.0,146
581,joint_state,recv,1757508213.272423,1757508213.272660,0.000238,289
582,joint_state,recv,1757508213.304417,1757508213.304650,0.000233,290
583,traj_follow,enqueue,1757508213.305256,,,147
584,traj_follow,dequeue,1757508213.305256,1757508213.305256,0.0,147
585,traj_follow,enqueue,1757508213.338492,,,148
586,traj_follow,dequeue,1757508213.338492,1757508213.338492,0.0,148
587,joint_state,recv,1757508213.338420,1757508213.338667,0.000247,291
588,traj_follow,enqueue,1757508213.372254,,,149
589,traj_follow,dequeue,1757508213.372254,1757508213.372254,0.0,149
590,joint_state,recv,1757508213.372386,1757508213.372769,0.000383,292
591,joint_state,recv,1757508213.404421,1757508213.404615,0.000194,293
592,traj_follow,enqueue,1757508213.407066,,,150
593,traj_follow,dequeue,1757508213.407066,1757508213.407066,0.0,150
594,traj_follow,enqueue,1757508213.438375,,,151
595,traj_follow,dequeue,1757508213.438375,1757508213.438375,0.0,151
596,joint_state,recv,1757508213.438352,1757508213.438596,0.000244,294
597,traj_follow,enqueue,1757508213.471662,,,152
598,traj_follow,dequeue,1757508213.471662,1757508213.471662,0.0,152
599,joint_state,recv,1757508213.472434,1757508213.472673,0.000239,295
600,joint_state,recv,1757508213.504413,1757508213.504793,0.000380,296
601,traj_follow,enqueue,1757508213.505124,,,153
602,traj_follow,dequeue,1757508213.505124,1757508213.505124,0.0,153
603,traj_follow,enqueue,1757508213.538557,,,154
604,traj_follow,dequeue,1757508213.538557,1757508213.538557,0.0,154
605,joint_state,recv,1757508213.538471,1757508213.538731,0.000260,297
606,traj_follow,enqueue,1757508213.572582,,,155
607,traj_follow,dequeue,1757508213.572582,1757508213.572582,0.0,155
608,joint_state,recv,1757508213.572443,1757508213.572780,0.000337,298
609,joint_state,recv,1757508213.604408,1757508213.604611,0.000204,299
610,traj_follow,enqueue,1757508213.605051,,,156
611,traj_follow,dequeue,1757508213.605051,1757508213.605051,0.0,156
612,traj_follow,enqueue,1757508213.638508,,,157
613,traj_follow,dequeue,1757508213.638508,1757508213.638508,0.0,157
614,joint_state,recv,1757508213.638434,1757508213.638643,0.000209,300
615,joint_state,recv,1757508213.672463,1757508213.672686,0.000223,301
616,traj_follow,enqueue,1757508213.673011,,,158
617,traj_follow,dequeue,1757508213.673011,1757508213.673011,0.0,158
618,joint_state,recv,1757508213.704403,1757508213.704636,0.000233,302
619,traj_follow,enqueue,1757508213.705020,,,159
620,traj_follow,dequeue,1757508213.705020,1757508213.705020,0.0,159
621,joint_state,recv,1757508213.738381,1757508213.738662,0.000281,303
622,traj_follow,enqueue,1757508213.738935,,,160
623,traj_follow,dequeue,1757508213.738935,1757508213.738935,0.0,160
624,traj_follow,enqueue,1757508213.772564,,,161
625,traj_follow,dequeue,1757508213.772564,1757508213.772564,0.0,161
626,joint_state,recv,1757508213.772432,1757508213.772695,0.000264,304
627,joint_state,recv,1757508213.804418,1757508213.804672,0.000254,305
628,traj_follow,enqueue,1757508213.804961,,,162
629,traj_follow,dequeue,1757508213.804961,1757508213.804961,0.0,162
630,traj_follow,enqueue,1757508213.838523,,,163
631,traj_follow,dequeue,1757508213.838523,1757508213.838523,0.0,163
632,joint_state,recv,1757508213.838414,1757508213.838646,0.000232,306
633,traj_follow,enqueue,1757508213.872646,,,164
634,traj_follow,dequeue,1757508213.872646,1757508213.872646,0.0,164
635,joint_state,recv,1757508213.872415,1757508213.872695,0.000281,307
636,traj_follow,enqueue,1757508213.905641,,,165
637,traj_follow,dequeue,1757508213.905641,1757508213.905641,0.0,165
638,joint_state,recv,1757508213.908442,1757508213.908708,0.000267,308
639,joint_state,recv,1757508213.938383,1757508213.938593,0.000210,309
640,traj_follow,enqueue,1757508213.938651,,,166
641,traj_follow,dequeue,1757508213.938651,1757508213.938651,0.0,166
642,traj_follow,enqueue,1757508213.971794,,,167
643,traj_follow,dequeue,1757508213.971794,1757508213.971794,0.0,167
644,joint_state,recv,1757508213.972397,1757508213.972660,0.000263,310
645,joint_state,recv,1757508214.004449,1757508214.004698,0.000249,311
646,traj_follow,enqueue,1757508214.005472,,,168
647,traj_follow,dequeue,1757508214.005472,1757508214.005472,0.0,168
648,joint_state,recv,1757508214.038389,1757508214.038656,0.000267,312
649,traj_follow,enqueue,1757508214.038744,,,169
650,traj_follow,dequeue,1757508214.038744,1757508214.038744,0.0,169
651,traj_follow,enqueue,1757508214.072207,,,170
652,traj_follow,dequeue,1757508214.072207,1757508214.072207,0.0,170
653,joint_state,recv,1757508214.072433,1757508214.072630,0.000197,313
654,joint_state,recv,1757508214.104554,1757508214.104908,0.000354,314
655,traj_follow,enqueue,1757508214.106412,,,171
656,traj_follow,dequeue,1757508214.106412,1757508214.106412,0.0,171
657,joint_state,recv,1757508214.138418,1757508214.138707,0.000288,315
658,traj_follow,enqueue,1757508214.139729,,,172
659,traj_follow,dequeue,1757508214.139729,1757508214.139729,0.0,172
660,joint_state,recv,1757508214.172379,1757508214.172625,0.000245,316
661,traj_follow,enqueue,1757508214.173380,,,173
662,traj_follow,dequeue,1757508214.173380,1757508214.173380,0.0,173
663,joint_state,recv,1757508214.204472,1757508214.204696,0.000224,317
664,traj_follow,enqueue,1757508214.206093,,,174
665,traj_follow,dequeue,1757508214.206093,1757508214.206093,0.0,174
666,joint_state,recv,1757508214.238392,1757508214.238646,0.000254,318
667,traj_follow,enqueue,1757508214.239858,,,175
668,traj_follow,dequeue,1757508214.239858,1757508214.239858,0.0,175
669,traj_follow,enqueue,1757508214.272669,,,176
670,traj_follow,dequeue,1757508214.272669,1757508214.272669,0.0,176
671,joint_state,recv,1757508214.272448,1757508214.272825,0.000377,319
672,joint_state,recv,1757508214.304457,1757508214.304689,0.000232,320
673,traj_follow,enqueue,1757508214.305470,,,177
674,traj_follow,dequeue,1757508214.305470,1757508214.305470,0.0,177
675,joint_state,recv,1757508214.338381,1757508214.338612,0.000231,321
676,traj_follow,enqueue,1757508214.339226,,,178
677,traj_follow,dequeue,1757508214.339226,1757508214.339226,0.0,178
678,joint_state,recv,1757508214.372410,1757508214.372696,0.000286,322
679,traj_follow,enqueue,1757508214.372877,,,179
680,traj_follow,dequeue,1757508214.372877,1757508214.372877,0.0,179
681,joint_state,recv,1757508214.404426,1757508214.404735,0.000309,323
682,traj_follow,enqueue,1757508214.405961,,,180
683,traj_follow,dequeue,1757508214.405961,1757508214.405961,0.0,180
684,joint_state,recv,1757508214.438417,1757508214.438681,0.000263,324
685,traj_follow,enqueue,1757508214.438714,,,181
686,traj_follow,dequeue,1757508214.438714,1757508214.438714,0.0,181
687,joint_state,recv,1757508214.472453,1757508214.472733,0.000280,325
688,traj_follow,enqueue,1757508214.473507,,,182
689,traj_follow,dequeue,1757508214.473507,1757508214.473507,0.0,182
690,joint_state,recv,1757508214.504409,1757508214.504727,0.000318,326
691,traj_follow,enqueue,1757508214.505956,,,183
692,traj_follow,dequeue,1757508214.505956,1757508214.505956,0.0,183
693,joint_state,recv,1757508214.538418,1757508214.538721,0.000303,327
694,traj_follow,enqueue,1757508214.539723,,,184
695,traj_follow,dequeue,1757508214.539723,1757508214.539723,0.0,184
696,traj_follow,enqueue,1757508214.572589,,,185
697,traj_follow,dequeue,1757508214.572589,1757508214.572589,0.0,185
698,joint_state,recv,1757508214.572446,1757508214.572716,0.000271,328
699,joint_state,recv,1757508214.604627,1757508214.604924,0.000296,329
700,traj_follow,enqueue,1757508214.606431,,,186
701,traj_follow,dequeue,1757508214.606431,1757508214.606431,0.0,186
702,joint_state,recv,1757508214.638546,1757508214.638844,0.000298,330
703,traj_follow,enqueue,1757508214.639674,,,187
704,traj_follow,dequeue,1757508214.639674,1757508214.639674,0.0,187
705,joint_state,recv,1757508214.672418,1757508214.672737,0.000320,331
706,traj_follow,enqueue,1757508214.672803,,,188
707,traj_follow,dequeue,1757508214.672803,1757508214.672803,0.0,188
708,joint_state,recv,1757508214.704393,1757508214.704640,0.000247,332
709,traj_follow,enqueue,1757508214.706611,,,189
710,traj_follow,dequeue,1757508214.706611,1757508214.706611,0.0,189
711,joint_state,recv,1757508214.738448,1757508214.738726,0.000279,333
712,traj_follow,enqueue,1757508214.740406,,,190
713,traj_follow,dequeue,1757508214.740406,1757508214.740406,0.0,190
714,joint_state,recv,1757508214.772407,1757508214.772622,0.000215,334
715,traj_follow,enqueue,1757508214.773055,,,191
716,traj_follow,dequeue,1757508214.773055,1757508214.773055,0.0,191
717,joint_state,recv,1757508214.804445,1757508214.804690,0.000245,335
718,traj_follow,enqueue,1757508214.806687,,,192
719,traj_follow,dequeue,1757508214.806687,1757508214.806687,0.0,192
720,joint_state,recv,1757508214.838547,1757508214.838807,0.000260,336
721,traj_follow,enqueue,1757508214.839665,,,193
722,traj_follow,dequeue,1757508214.839665,1757508214.839665,0.0,193
723,joint_state,recv,1757508214.872382,1757508214.872643,0.000262,337
724,traj_follow,enqueue,1757508214.873407,,,194
725,traj_follow,dequeue,1757508214.873407,1757508214.873407,0.0,194
726,joint_state,recv,1757508214.904435,1757508214.904655,0.000221,338
727,traj_follow,enqueue,1757508214.906694,,,195
728,traj_follow,dequeue,1757508214.906694,1757508214.906694,0.0,195
729,joint_state,recv,1757508214.938422,1757508214.938658,0.000235,339
730,traj_follow,enqueue,1757508214.940900,,,196
731,traj_follow,dequeue,1757508214.940900,1757508214.940900,0.0,196
732,joint_state,recv,1757508214.972409,1757508214.972695,0.000286,340
733,traj_follow,enqueue,1757508214.973836,,,197
734,traj_follow,dequeue,1757508214.973836,1757508214.973836,0.0,197
735,joint_state,recv,1757508215.004416,1757508215.004680,0.000263,341
736,traj_follow,enqueue,1757508215.006649,,,198
737,traj_follow,dequeue,1757508215.006649,1757508215.006649,0.0,198
738,joint_state,recv,1757508215.038415,1757508215.038725,0.000309,342
739,traj_follow,enqueue,1757508215.040799,,,199
740,traj_follow,dequeue,1757508215.040799,1757508215.040799,0.0,199
741,joint_state,recv,1757508215.072413,1757508215.072667,0.000254,343
742,traj_follow,enqueue,1757508215.073472,,,200
743,traj_follow,dequeue,1757508215.073472,1757508215.073472,0.0,200
744,joint_state,recv,1757508215.104388,1757508215.104588,0.000200,344
745,traj_follow,enqueue,1757508215.106415,,,201
746,traj_follow,dequeue,1757508215.106415,1757508215.106415,0.0,201
747,joint_state,recv,1757508215.138363,1757508215.138538,0.000176,345
748,traj_follow,enqueue,1757508215.140220,,,202
749,traj_follow,dequeue,1757508215.140220,1757508215.140220,0.0,202
750,joint_state,recv,1757508215.172389,1757508215.172500,0.000111,346
751,traj_follow,enqueue,1757508215.173627,,,203
752,traj_follow,dequeue,1757508215.173627,1757508215.173627,0.0,203
753,joint_state,recv,1757508215.204400,1757508215.204535,0.000135,347
754,traj_follow,enqueue,1757508215.206528,,,204
755,traj_follow,dequeue,1757508215.206528,1757508215.206528,0.0,204
756,joint_state,recv,1757508215.238390,1757508215.238464,0.000073,348
757,traj_follow,enqueue,1757508215.239838,,,205
758,traj_follow,dequeue,1757508215.239838,1757508215.239838,0.0,205
759,joint_state,recv,1757508215.272391,1757508215.272470,0.000079,349
760,traj_follow,enqueue,1757508215.273553,,,206
761,traj_follow,dequeue,1757508215.273553,1757508215.273553,0.0,206
762,joint_state,recv,1757508215.304387,1757508215.304477,0.000090,350
763,traj_follow,enqueue,1757508215.306727,,,207
764,traj_follow,dequeue,1757508215.306727,1757508215.306727,0.0,207
765,joint_state,recv,1757508215.338362,1757508215.338490,0.000127,351
766,traj_follow,enqueue,1757508215.340243,,,208
767,traj_follow,dequeue,1757508215.340243,1757508215.340243,0.0,208
768,joint_state,recv,1757508215.372392,1757508215.372497,0.000105,352
769,traj_follow,enqueue,1757508215.373182,,,209
770,traj_follow,dequeue,1757508215.373182,1757508215.373182,0.0,209
771,joint_state,recv,1757508215.404423,1757508215.404532,0.000108,353
772,traj_follow,enqueue,1757508215.406946,,,210
773,traj_follow,dequeue,1757508215.406946,1757508215.406946,0.0,210
774,joint_state,recv,1757508215.438393,1757508215.438536,0.000143,354
775,traj_follow,enqueue,1757508215.441319,,,211
776,traj_follow,dequeue,1757508215.441319,1757508215.441319,0.0,211
777,joint_state,recv,1757508215.472394,1757508215.472544,0.000150,355
778,traj_follow,enqueue,1757508215.473562,,,212
779,traj_follow,dequeue,1757508215.473562,1757508215.473562,0.0,212
780,joint_state,recv,1757508215.504389,1757508215.504536,0.000147,356
781,traj_follow,enqueue,1757508215.506748,,,213
782,traj_follow,dequeue,1757508215.506748,1757508215.506748,0.0,213
783,joint_state,recv,1757508215.538391,1757508215.538576,0.000185,357
784,traj_follow,enqueue,1757508215.540640,,,214
785,traj_follow,dequeue,1757508215.540640,1757508215.540640,0.0,214
786,joint_state,recv,1757508215.572397,1757508215.572562,0.000165,358
787,traj_follow,enqueue,1757508215.573686,,,215
788,traj_follow,dequeue,1757508215.573686,1757508215.573686,0.0,215
789,joint_state,recv,1757508215.604364,1757508215.604505,0.000141,359
790,traj_follow,enqueue,1757508215.606505,,,216
791,traj_follow,dequeue,1757508215.606505,1757508215.606505,0.0,216
792,joint_state,recv,1757508215.638409,1757508215.638538,0.000129,360
793,traj_follow,enqueue,1757508215.640413,,,217
794,traj_follow,dequeue,1757508215.640413,1757508215.640413,0.0,217
795,joint_state,recv,1757508215.672388,1757508215.672533,0.000145,361
796,traj_follow,enqueue,1757508215.674002,,,218
797,traj_follow,dequeue,1757508215.674002,1757508215.674002,0.0,218
798,joint_state,recv,1757508215.704416,1757508215.704526,0.000110,362
799,traj_follow,enqueue,1757508215.706689,,,219
800,traj_follow,dequeue,1757508215.706689,1757508215.706689,0.0,219
801,joint_state,recv,1757508215.738410,1757508215.738536,0.000126,363
802,traj_follow,enqueue,1757508215.740191,,,220
803,traj_follow,dequeue,1757508215.740191,1757508215.740191,0.0,220
804,joint_state,recv,1757508215.772448,1757508215.772537,0.000089,364
805,traj_follow,enqueue,1757508215.773587,,,221
806,traj_follow,dequeue,1757508215.773587,1757508215.773587,0.0,221
807,joint_state,recv,1757508215.804326,1757508215.804427,0.000101,365
808,traj_follow,enqueue,1757508215.806694,,,222
809,traj_follow,dequeue,1757508215.806694,1757508215.806694,0.0,222
810,joint_state,recv,1757508215.838392,1757508215.838529,0.000137,366
811,traj_follow,enqueue,1757508215.840958,,,223
812,traj_follow,dequeue,1757508215.840958,1757508215.840958,0.0,223
813,joint_state,recv,1757508215.872409,1757508215.872514,0.000105,367
814,traj_follow,enqueue,1757508215.873520,,,224
815,traj_follow,dequeue,1757508215.873520,1757508215.873520,0.0,224
816,joint_state,recv,1757508215.904364,1757508215.904450,0.000086,368
817,traj_follow,enqueue,1757508215.907095,,,225
818,traj_follow,dequeue,1757508215.907095,1757508215.907095,0.0,225
819,joint_state,recv,1757508215.938414,1757508215.938494,0.000080,369
820,traj_follow,enqueue,1757508215.940950,,,226
821,traj_follow,dequeue,1757508215.940950,1757508215.940950,0.0,226
822,joint_state,recv,1757508215.972421,1757508215.972503,0.000082,370
823,traj_follow,enqueue,1757508215.973458,,,227
824,traj_follow,dequeue,1757508215.973458,1757508215.973458,0.0,227
825,joint_state,recv,1757508216.004363,1757508216.004443,0.000080,371
826,traj_follow,enqueue,1757508216.007415,,,228
827,traj_follow,dequeue,1757508216.007415,1757508216.007415,0.0,228
828,joint_state,recv,1757508216.038393,1757508216.038471,0.000078,372
829,traj_follow,enqueue,1757508216.040948,,,229
830,traj_follow,dequeue,1757508216.040948,1757508216.040948,0.0,229
831,joint_state,recv,1757508216.072391,1757508216.072501,0.000111,373
832,traj_follow,enqueue,1757508216.073852,,,230
833,traj_follow,dequeue,1757508216.073852,1757508216.073852,0.0,230
834,joint_state,recv,1757508216.104388,1757508216.104471,0.000083,374
835,traj_follow,enqueue,1757508216.107392,,,231
836,traj_follow,dequeue,1757508216.107392,1757508216.107392,0.0,231
837,joint_state,recv,1757508216.138363,1757508216.138456,0.000093,375
838,traj_follow,enqueue,1757508216.140320,,,232
839,traj_follow,dequeue,1757508216.140320,1757508216.140320,0.0,232
840,joint_state,recv,1757508216.172388,1757508216.172472,0.000085,376
841,traj_follow,enqueue,1757508216.174488,,,233
842,traj_follow,dequeue,1757508216.174488,1757508216.174488,0.0,233
843,joint_state,recv,1757508216.204363,1757508216.204439,0.000076,377
844,traj_follow,enqueue,1757508216.208504,,,234
845,traj_follow,dequeue,1757508216.208504,1757508216.208504,0.0,234
846,joint_state,recv,1757508216.238363,1757508216.238438,0.000075,378
847,traj_follow,enqueue,1757508216.241804,,,235
848,traj_follow,dequeue,1757508216.241804,1757508216.241804,0.0,235
849,joint_state,recv,1757508216.272416,1757508216.272605,0.000189,379
850,traj_follow,enqueue,1757508216.274706,,,236
851,traj_follow,dequeue,1757508216.274706,1757508216.274706,0.0,236
852,traj_follow,enqueue,1757508216.275262,,,237
853,traj_follow,dequeue,1757508216.275262,1757508216.275262,0.0,237
854,joint_state,recv,1757508216.304369,1757508216.304475,0.000106,380
855,traj_follow,enqueue,1757508216.307924,,,238
856,traj_follow,dequeue,1757508216.307924,1757508216.307924,0.0,238
857,joint_state,recv,1757508216.338364,1757508216.338501,0.000138,381
858,traj_follow,enqueue,1757508216.341664,,,239
859,traj_follow,dequeue,1757508216.341664,1757508216.341664,0.0,239
860,joint_state,recv,1757508216.372390,1757508216.372504,0.000113,382
861,traj_follow,enqueue,1757508216.374617,,,240
862,traj_follow,dequeue,1757508216.374617,1757508216.374617,0.0,240
863,joint_state,recv,1757508216.404445,1757508216.404564,0.000119,383
864,traj_follow,enqueue,1757508216.408301,,,241
865,traj_follow,dequeue,1757508216.408301,1757508216.408301,0.0,241
866,traj_follow,enqueue,1757508216.408801,,,242
867,traj_follow,dequeue,1757508216.408801,1757508216.408801,0.0,242
868,joint_state,recv,1757508216.438423,1757508216.438541,0.000118,384
869,traj_follow,enqueue,1757508216.441575,,,243
870,traj_follow,dequeue,1757508216.441575,1757508216.441575,0.0,243
871,joint_state,recv,1757508216.472398,1757508216.472489,0.000091,385
872,traj_follow,enqueue,1757508216.474633,,,244
873,traj_follow,dequeue,1757508216.474633,1757508216.474633,0.0,244
874,joint_state,recv,1757508216.504416,1757508216.504506,0.000090,386
875,traj_follow,enqueue,1757508216.508576,,,245
876,traj_follow,dequeue,1757508216.508576,1757508216.508576,0.0,245
877,joint_state,recv,1757508216.538414,1757508216.538522,0.000108,387
878,traj_follow,enqueue,1757508216.541666,,,246
879,traj_follow,dequeue,1757508216.541666,1757508216.541666,0.0,246
880,joint_state,recv,1757508216.572420,1757508216.572639,0.000219,388
881,traj_follow,enqueue,1757508216.574768,,,247
882,traj_follow,dequeue,1757508216.574768,1757508216.574768,0.0,247
883,joint_state,recv,1757508216.604456,1757508216.604596,0.000140,389
884,traj_follow,enqueue,1757508216.608227,,,248
885,traj_follow,dequeue,1757508216.608227,1757508216.608227,0.0,248
886,joint_state,recv,1757508216.638415,1757508216.638540,0.000125,390
887,traj_follow,enqueue,1757508216.640838,,,249
888,traj_follow,dequeue,1757508216.640838,1757508216.640838,0.0,249
889,joint_state,recv,1757508216.670362,1757508216.670452,0.000089,391
890,traj_follow,enqueue,1757508216.674285,,,250
891,traj_follow,dequeue,1757508216.674285,1757508216.674285,0.0,250
892,joint_state,recv,1757508216.704369,1757508216.704494,0.000124,392
893,traj_follow,enqueue,1757508216.708245,,,251
894,traj_follow,dequeue,1757508216.708245,1757508216.708245,0.0,251
895,joint_state,recv,1757508216.738421,1757508216.738756,0.000335,393
896,traj_follow,enqueue,1757508216.741098,,,252
897,traj_follow,dequeue,1757508216.741098,1757508216.741098,0.0,252
898,joint_state,recv,1757508216.772443,1757508216.772671,0.000228,394
899,traj_follow,enqueue,1757508216.774742,,,253
900,traj_follow,dequeue,1757508216.774742,1757508216.774742,0.0,253
901,joint_state,recv,1757508216.804428,1757508216.804735,0.000307,395
902,traj_follow,enqueue,1757508216.808088,,,254
903,traj_follow,dequeue,1757508216.808088,1757508216.808088,0.0,254
904,joint_state,recv,1757508216.838386,1757508216.838681,0.000294,396
905,traj_follow,enqueue,1757508216.841590,,,255
906,traj_follow,dequeue,1757508216.841590,1757508216.841590,0.0,255
907,joint_state,recv,1757508216.872410,1757508216.872668,0.000258,397
908,traj_follow,enqueue,1757508216.874897,,,256
909,traj_follow,dequeue,1757508216.874897,1757508216.874897,0.0,256
910,joint_state,recv,1757508216.904442,1757508216.904750,0.000308,398
911,traj_follow,enqueue,1757508216.907800,,,257
912,traj_follow,dequeue,1757508216.907800,1757508216.907800,0.0,257
913,joint_state,recv,1757508216.938447,1757508216.938729,0.000282,399
914,traj_follow,enqueue,1757508216.943966,,,258
915,traj_follow,dequeue,1757508216.943966,1757508216.943966,0.0,258
916,joint_state,recv,1757508216.972437,1757508216.972722,0.000285,400
917,traj_follow,enqueue,1757508216.975335,,,259
918,traj_follow,dequeue,1757508216.975335,1757508216.975335,0.0,259
919,joint_state,recv,1757508217.004430,1757508217.004548,0.000117,401
920,traj_follow,enqueue,1757508217.008388,,,260
921,traj_follow,dequeue,1757508217.008388,1757508217.008388,0.0,260
922,joint_state,recv,1757508217.038423,1757508217.038561,0.000138,402
923,traj_follow,enqueue,1757508217.041584,,,261
924,traj_follow,dequeue,1757508217.041584,1757508217.041584,0.0,261
925,joint_state,recv,1757508217.072419,1757508217.072600,0.000181,403
926,traj_follow,enqueue,1757508217.075007,,,262
927,traj_follow,dequeue,1757508217.075007,1757508217.075007,0.0,262
928,joint_state,recv,1757508217.104390,1757508217.104503,0.000112,404
929,traj_follow,enqueue,1757508217.108346,,,263
930,traj_follow,dequeue,1757508217.108346,1757508217.108346,0.0,263
931,joint_state,recv,1757508217.138364,1757508217.138494,0.000130,405
932,traj_follow,enqueue,1757508217.141579,,,264
933,traj_follow,dequeue,1757508217.141579,1757508217.141579,0.0,264
934,joint_state,recv,1757508217.172414,1757508217.172557,0.000142,406
935,traj_follow,enqueue,1757508217.175374,,,265
936,traj_follow,dequeue,1757508217.175374,1757508217.175374,0.0,265
937,joint_state,recv,1757508217.204452,1757508217.204555,0.000103,407
938,traj_follow,enqueue,1757508217.208798,,,266
939,traj_follow,dequeue,1757508217.208798,1757508217.208798,0.0,266
940,joint_state,recv,1757508217.238388,1757508217.238550,0.000163,408
941,traj_follow,enqueue,1757508217.241812,,,267
942,traj_follow,dequeue,1757508217.241812,1757508217.241812,0.0,267
943,joint_state,recv,1757508217.272393,1757508217.272511,0.000118,409
944,traj_follow,enqueue,1757508217.275192,,,268
945,traj_follow,dequeue,1757508217.275192,1757508217.275192,0.0,268
946,joint_state,recv,1757508217.304365,1757508217.304473,0.000107,410
947,traj_follow,enqueue,1757508217.308329,,,269
948,traj_follow,dequeue,1757508217.308329,1757508217.308329,0.0,269
949,joint_state,recv,1757508217.338391,1757508217.338571,0.000181,411
950,traj_follow,enqueue,1757508217.341347,,,270
951,traj_follow,dequeue,1757508217.341347,1757508217.341347,0.0,270
952,joint_state,recv,1757508217.372398,1757508217.372563,0.000165,412
953,traj_follow,enqueue,1757508217.374897,,,271
954,traj_follow,dequeue,1757508217.374897,1757508217.374897,0.0,271
955,joint_state,recv,1757508217.404418,1757508217.404516,0.000098,413
956,traj_follow,enqueue,1757508217.408672,,,272
957,traj_follow,dequeue,1757508217.408672,1757508217.408672,0.0,272
958,joint_state,recv,1757508217.438386,1757508217.438514,0.000127,414
959,traj_follow,enqueue,1757508217.442007,,,273
960,traj_follow,dequeue,1757508217.442007,1757508217.442007,0.0,273
961,joint_state,recv,1757508217.472390,1757508217.472560,0.000170,415
962,traj_follow,enqueue,1757508217.474771,,,274
963,traj_follow,dequeue,1757508217.474771,1757508217.474771,0.0,274
964,joint_state,recv,1757508217.504363,1757508217.504507,0.000144,416
965,traj_follow,enqueue,1757508217.508281,,,275
966,traj_follow,dequeue,1757508217.508281,1757508217.508281,0.0,275
967,joint_state,recv,1757508217.538419,1757508217.538587,0.000168,417
968,traj_follow,enqueue,1757508217.541741,,,276
969,traj_follow,dequeue,1757508217.541741,1757508217.541741,0.0,276
970,joint_state,recv,1757508217.572418,1757508217.572588,0.000169,418
971,traj_follow,enqueue,1757508217.574784,,,277
972,traj_follow,dequeue,1757508217.574784,1757508217.574784,0.0,277
973,joint_state,recv,1757508217.604392,1757508217.604523,0.000131,419
974,traj_follow,enqueue,1757508217.608194,,,278
975,traj_follow,dequeue,1757508217.608194,1757508217.608194,0.0,278
976,joint_state,recv,1757508217.638416,1757508217.638567,0.000151,420
977,traj_follow,enqueue,1757508217.641711,,,279
978,traj_follow,dequeue,1757508217.641711,1757508217.641711,0.0,279
979,joint_state,recv,1757508217.672428,1757508217.672575,0.000147,421
980,traj_follow,enqueue,1757508217.674999,,,280
981,traj_follow,dequeue,1757508217.674999,1757508217.674999,0.0,280
982,joint_state,recv,1757508217.704395,1757508217.704538,0.000144,422
983,traj_follow,enqueue,1757508217.708564,,,281
984,traj_follow,dequeue,1757508217.708564,1757508217.708564,0.0,281
985,joint_state,recv,1757508217.738410,1757508217.738577,0.000168,423
986,traj_follow,enqueue,1757508217.741824,,,282
987,traj_follow,dequeue,1757508217.741824,1757508217.741824,0.0,282
988,joint_state,recv,1757508217.772419,1757508217.772570,0.000150,424
989,traj_follow,enqueue,1757508217.775314,,,283
990,traj_follow,dequeue,1757508217.775314,1757508217.775314,0.0,283
991,joint_state,recv,1757508217.804455,1757508217.804559,0.000105,425
992,traj_follow,enqueue,1757508217.808685,,,284
993,traj_follow,dequeue,1757508217.808685,1757508217.808685,0.0,284
994,joint_state,recv,1757508217.838415,1757508217.838559,0.000144,426
995,traj_follow,enqueue,1757508217.842129,,,285
996,traj_follow,dequeue,1757508217.842129,1757508217.842129,0.0,285
997,joint_state,recv,1757508217.872394,1757508217.872533,0.000139,427
998,traj_follow,enqueue,1757508217.875625,,,286
999,traj_follow,dequeue,1757508217.875625,1757508217.875625,0.0,286
1000,joint_state,recv,1757508217.904388,1757508217.904477,0.000088,428
1001,traj_follow,enqueue,1757508217.908680,,,287
1002,traj_follow,dequeue,1757508217.908680,1757508217.908680,0.0,287
1003,joint_state,recv,1757508217.938393,1757508217.938550,0.000158,429
1004,traj_follow,enqueue,1757508217.941923,,,288
1005,traj_follow,dequeue,1757508217.941923,1757508217.941923,0.0,288
1006,joint_state,recv,1757508217.972440,1757508217.972669,0.000229,430
1007,traj_follow,enqueue,1757508217.975169,,,289
1008,traj_follow,dequeue,1757508217.975169,1757508217.975169,0.0,289
1009,joint_state,recv,1757508218.004392,1757508218.004684,0.000292,431
1010,traj_follow,enqueue,1757508218.008548,,,290
1011,traj_follow,dequeue,1757508218.008548,1757508218.008548,0.0,290
1012,joint_state,recv,1757508218.038420,1757508218.038754,0.000333,432
1013,traj_follow,enqueue,1757508218.042397,,,291
1014,traj_follow,dequeue,1757508218.042397,1757508218.042397,0.0,291
1015,joint_state,recv,1757508218.072427,1757508218.072707,0.000281,433
1016,traj_follow,enqueue,1757508218.075747,,,292
1017,traj_follow,dequeue,1757508218.075747,1757508218.075747,0.0,292
1018,joint_state,recv,1757508218.104403,1757508218.104684,0.000281,434
1019,traj_follow,enqueue,1757508218.109135,,,293
1020,traj_follow,dequeue,1757508218.109135,1757508218.109135,0.0,293
1021,joint_state,recv,1757508218.138449,1757508218.138846,0.000397,435
1022,traj_follow,enqueue,1757508218.142650,,,294
1023,traj_follow,dequeue,1757508218.142650,1757508218.142650,0.0,294
1024,joint_state,recv,1757508218.172448,1757508218.172730,0.000282,436
1025,traj_follow,enqueue,1757508218.175695,,,295
1026,traj_follow,dequeue,1757508218.175695,1757508218.175695,0.0,295
1027,joint_state,recv,1757508218.204415,1757508218.204773,0.000358,437
1028,traj_follow,enqueue,1757508218.209543,,,296
1029,traj_follow,dequeue,1757508218.209543,1757508218.209543,0.0,296
1030,joint_state,recv,1757508218.238391,1757508218.238734,0.000343,438
1031,traj_follow,enqueue,1757508218.242810,,,297
1032,traj_follow,dequeue,1757508218.242810,1757508218.242810,0.0,297
1033,joint_state,recv,1757508218.272385,1757508218.272641,0.000256,439
1034,traj_follow,enqueue,1757508218.276437,,,298
1035,traj_follow,dequeue,1757508218.276437,1757508218.276437,0.0,298
1036,joint_state,recv,1757508218.304390,1757508218.304674,0.000285,440
1037,traj_follow,enqueue,1757508218.309562,,,299
1038,traj_follow,dequeue,1757508218.309562,1757508218.309562,0.0,299
1039,joint_state,recv,1757508218.338419,1757508218.338716,0.000296,441
1040,traj_follow,enqueue,1757508218.342796,,,300
1041,traj_follow,dequeue,1757508218.342796,1757508218.342796,0.0,300
1042,joint_state,recv,1757508218.372446,1757508218.372691,0.000245,442
1043,traj_follow,enqueue,1757508218.376527,,,301
1044,traj_follow,dequeue,1757508218.376527,1757508218.376527,0.0,301
1045,joint_state,recv,1757508218.404469,1757508218.404720,0.000251,443
1046,traj_follow,enqueue,1757508218.409302,,,302
1047,traj_follow,dequeue,1757508218.409302,1757508218.409302,0.0,302
1048,joint_state,recv,1757508218.438420,1757508218.438721,0.000301,444
1049,traj_follow,enqueue,1757508218.452767,,,303
1050,traj_follow,dequeue,1757508218.452767,1757508218.452767,0.0,303
1051,joint_state,recv,1757508218.472455,1757508218.472749,0.000294,445
1052,traj_follow,enqueue,1757508218.476183,,,304
1053,traj_follow,dequeue,1757508218.476183,1757508218.476183,0.0,304
1054,joint_state,recv,1757508218.504696,1757508218.505010,0.000314,446
1055,traj_follow,enqueue,1757508218.509300,,,305
1056,traj_follow,dequeue,1757508218.509300,1757508218.509300,0.0,305
1057,joint_state,recv,1757508218.538390,1757508218.538707,0.000318,447
1058,traj_follow,enqueue,1757508218.542483,,,306
1059,traj_follow,dequeue,1757508218.542483,1757508218.542483,0.0,306
1060,joint_state,recv,1757508218.572420,1757508218.572737,0.000317,448
1061,traj_follow,enqueue,1757508218.576419,,,307
1062,traj_follow,dequeue,1757508218.576419,1757508218.576419,0.0,307
1063,joint_state,recv,1757508218.604413,1757508218.604644,0.000232,449
1064,traj_follow,enqueue,1757508218.609014,,,308
1065,traj_follow,dequeue,1757508218.609014,1757508218.609014,0.0,308
1066,joint_state,recv,1757508218.638412,1757508218.638645,0.000233,450
1067,traj_follow,enqueue,1757508218.642425,,,309
1068,traj_follow,dequeue,1757508218.642425,1757508218.642425,0.0,309
1069,joint_state,recv,1757508218.672429,1757508218.672631,0.000202,451
1070,traj_follow,enqueue,1757508218.675902,,,310
1071,traj_follow,dequeue,1757508218.675902,1757508218.675902,0.0,310
1072,joint_state,recv,1757508218.704376,1757508218.704583,0.000207,452
1073,traj_follow,enqueue,1757508218.709767,,,311
1074,traj_follow,dequeue,1757508218.709767,1757508218.709767,0.0,311
1075,joint_state,recv,1757508218.738430,1757508218.738819,0.000389,453
1076,traj_follow,enqueue,1757508218.742790,,,312
1077,traj_follow,dequeue,1757508218.742790,1757508218.742790,0.0,312
1078,joint_state,recv,1757508218.772408,1757508218.772741,0.000333,454
1079,traj_follow,enqueue,1757508218.775950,,,313
1080,traj_follow,dequeue,1757508218.775950,1757508218.775950,0.0,313
1081,joint_state,recv,1757508218.804414,1757508218.804782,0.000368,455
1082,traj_follow,enqueue,1757508218.809536,,,314
1083,traj_follow,dequeue,1757508218.809536,1757508218.809536,0.0,314
1084,joint_state,recv,1757508218.838449,1757508218.838774,0.000325,456
1085,traj_follow,enqueue,1757508218.843238,,,315
1086,traj_follow,dequeue,1757508218.843238,1757508218.843238,0.0,315
1087,joint_state,recv,1757508218.872415,1757508218.872727,0.000312,457
1088,traj_follow,enqueue,1757508218.876642,,,316
1089,traj_follow,dequeue,1757508218.876642,1757508218.876642,0.0,316
1090,joint_state,recv,1757508218.904388,1757508218.904671,0.000283,458
1091,traj_follow,enqueue,1757508218.912085,,,317
1092,traj_follow,dequeue,1757508218.912085,1757508218.912085,0.0,317
1093,joint_state,recv,1757508218.938387,1757508218.938700,0.000314,459
1094,traj_follow,enqueue,1757508218.944207,,,318
1095,traj_follow,dequeue,1757508218.944207,1757508218.944207,0.0,318
1096,joint_state,recv,1757508218.972423,1757508218.972674,0.000251,460
1097,traj_follow,enqueue,1757508218.976437,,,319
1098,traj_follow,dequeue,1757508218.976437,1757508218.976437,0.0,319
1099,joint_state,recv,1757508219.004452,1757508219.004762,0.000311,461
1100,traj_follow,enqueue,1757508219.010306,,,320
1101,traj_follow,dequeue,1757508219.010306,1757508219.010306,0.0,320
1102,joint_state,recv,1757508219.038344,1757508219.038575,0.000231,462
1103,traj_follow,enqueue,1757508219.042764,,,321
1104,traj_follow,dequeue,1757508219.042764,1757508219.042764,0.0,321
1105,joint_state,recv,1757508219.072411,1757508219.072638,0.000228,463
1106,traj_follow,enqueue,1757508219.076753,,,322
1107,traj_follow,dequeue,1757508219.076753,1757508219.076753,0.0,322
1108,joint_state,recv,1757508219.104401,1757508219.104554,0.000153,464
1109,traj_follow,enqueue,1757508219.110139,,,323
1110,traj_follow,dequeue,1757508219.110139,1757508219.110139,0.0,323
1111,joint_state,recv,1757508219.138391,1757508219.138541,0.000150,465
1112,traj_follow,enqueue,1757508219.142727,,,324
1113,traj_follow,dequeue,1757508219.142727,1757508219.142727,0.0,324
1114,joint_state,recv,1757508219.172387,1757508219.172535,0.000148,466
1115,traj_follow,enqueue,1757508219.176435,,,325
1116,traj_follow,dequeue,1757508219.176435,1757508219.176435,0.0,325
1117,joint_state,recv,1757508219.204364,1757508219.204459,0.000095,467
1118,traj_follow,enqueue,1757508219.210098,,,326
1119,traj_follow,dequeue,1757508219.210098,1757508219.210098,0.0,326
1120,joint_state,recv,1757508219.238422,1757508219.238605,0.000183,468
1121,traj_follow,enqueue,1757508219.243710,,,327
1122,traj_follow,dequeue,1757508219.243710,1757508219.243710,0.0,327
1123,joint_state,recv,1757508219.272388,1757508219.272488,0.000100,469
1124,traj_follow,enqueue,1757508219.276351,,,328
1125,traj_follow,dequeue,1757508219.276351,1757508219.276351,0.0,328
1126,joint_state,recv,1757508219.304411,1757508219.304529,0.000119,470
1127,traj_follow,enqueue,1757508219.310267,,,329
1128,traj_follow,dequeue,1757508219.310267,1757508219.310267,0.0,329
1129,joint_state,recv,1757508219.338393,1757508219.338574,0.000181,471
1130,traj_follow,enqueue,1757508219.342789,,,330
1131,traj_follow,dequeue,1757508219.342789,1757508219.342789,0.0,330
1132,joint_state,recv,1757508219.372431,1757508219.372674,0.000243,472
1133,traj_follow,enqueue,1757508219.376954,,,331
1134,traj_follow,dequeue,1757508219.376954,1757508219.376954,0.0,331
1135,joint_state,recv,1757508219.404427,1757508219.404734,0.000308,473
1136,traj_follow,enqueue,1757508219.409770,,,332
1137,traj_follow,dequeue,1757508219.409770,1757508219.409770,0.0,332
1138,joint_state,recv,1757508219.438474,1757508219.438836,0.000363,474
1139,traj_follow,enqueue,1757508219.443737,,,333
1140,traj_follow,dequeue,1757508219.443737,1757508219.443737,0.0,333
1141,joint_state,recv,1757508219.472440,1757508219.472863,0.000424,475
1142,traj_follow,enqueue,1757508219.476491,,,334
1143,traj_follow,dequeue,1757508219.476491,1757508219.476491,0.0,334
1144,joint_state,recv,1757508219.504418,1757508219.504791,0.000373,476
1145,traj_follow,enqueue,1757508219.510142,,,335
1146,traj_follow,dequeue,1757508219.510142,1757508219.510142,0.0,335
1147,joint_state,recv,1757508219.538433,1757508219.538805,0.000373,477
1148,traj_follow,enqueue,1757508219.543852,,,336
1149,traj_follow,dequeue,1757508219.543852,1757508219.543852,0.0,336
1150,joint_state,recv,1757508219.572402,1757508219.572784,0.000382,478
1151,traj_follow,enqueue,1757508219.577249,,,337
1152,traj_follow,dequeue,1757508219.577249,1757508219.577249,0.0,337
1153,joint_state,recv,1757508219.604438,1757508219.604616,0.000178,479
1154,traj_follow,enqueue,1757508219.611232,,,338
1155,traj_follow,dequeue,1757508219.611232,1757508219.611232,0.0,338
1156,joint_state,recv,1757508219.638426,1757508219.638597,0.000171,480
1157,traj_follow,enqueue,1757508219.643952,,,339
1158,traj_follow,dequeue,1757508219.643952,1757508219.643952,0.0,339
1159,joint_state,recv,1757508219.672468,1757508219.672668,0.000200,481
1160,traj_follow,enqueue,1757508219.677147,,,340
1161,traj_follow,dequeue,1757508219.677147,1757508219.677147,0.0,340
1162,joint_state,recv,1757508219.704432,1757508219.704712,0.000281,482
1163,traj_follow,enqueue,1757508219.712302,,,341
1164,traj_follow,dequeue,1757508219.712302,1757508219.712302,0.0,341
1165,joint_state,recv,1757508219.738414,1757508219.738717,0.000303,483
1166,traj_follow,enqueue,1757508219.748004,,,342
1167,traj_follow,dequeue,1757508219.748004,1757508219.748004,0.0,342
1168,joint_state,recv,1757508219.772390,1757508219.772627,0.000236,484
1169,traj_follow,enqueue,1757508219.777757,,,343
1170,traj_follow,dequeue,1757508219.777757,1757508219.777757,0.0,343
1171,joint_state,recv,1757508219.804354,1757508219.804558,0.000204,485
1172,traj_follow,enqueue,1757508219.810168,,,344
1173,traj_follow,dequeue,1757508219.810168,1757508219.810168,0.0,344
1174,joint_state,recv,1757508219.838393,1757508219.838732,0.000339,486
1175,traj_follow,enqueue,1757508219.843626,,,345
1176,traj_follow,dequeue,1757508219.843626,1757508219.843626,0.0,345
1177,joint_state,recv,1757508219.872394,1757508219.872607,0.000213,487
1178,traj_follow,enqueue,1757508219.876642,,,346
1179,traj_follow,dequeue,1757508219.876642,1757508219.876642,0.0,346
1180,joint_state,recv,1757508219.904423,1757508219.904552,0.000129,488
1181,traj_follow,enqueue,1757508219.910225,,,347
1182,traj_follow,dequeue,1757508219.910225,1757508219.910225,0.0,347
1183,joint_state,recv,1757508219.938420,1757508219.938564,0.000144,489
1184,traj_follow,enqueue,1757508219.944235,,,348
1185,traj_follow,dequeue,1757508219.944235,1757508219.944235,0.0,348
1186,joint_state,recv,1757508219.972419,1757508219.972600,0.000182,490
1187,traj_follow,enqueue,1757508219.977111,,,349
1188,traj_follow,dequeue,1757508219.977111,1757508219.977111,0.0,349
1189,joint_state,recv,1757508220.004390,1757508220.004514,0.000125,491
1190,traj_follow,enqueue,1757508220.010460,,,350
1191,traj_follow,dequeue,1757508220.010460,1757508220.010460,0.0,350
1192,joint_state,recv,1757508220.038395,1757508220.038537,0.000142,492
1193,traj_follow,enqueue,1757508220.043489,,,351
1194,traj_follow,dequeue,1757508220.043489,1757508220.043489,0.0,351
1195,joint_state,recv,1757508220.072362,1757508220.072476,0.000113,493
1196,traj_follow,enqueue,1757508220.077011,,,352
1197,traj_follow,dequeue,1757508220.077011,1757508220.077011,0.0,352
1198,joint_state,recv,1757508220.104394,1757508220.104479,0.000084,494
1199,traj_follow,enqueue,1757508220.110424,,,353
1200,traj_follow,dequeue,1757508220.110424,1757508220.110424,0.0,353
1201,joint_state,recv,1757508220.138386,1757508220.138506,0.000120,495
1202,traj_follow,enqueue,1757508220.144026,,,354
1203,traj_follow,dequeue,1757508220.144026,1757508220.144026,0.0,354
1204,joint_state,recv,1757508220.172401,1757508220.172556,0.000155,496
1205,traj_follow,enqueue,1757508220.177674,,,355
1206,traj_follow,dequeue,1757508220.177674,1757508220.177674,0.0,355
1207,joint_state,recv,1757508220.204383,1757508220.204539,0.000156,497
1208,traj_follow,enqueue,1757508220.212219,,,356
1209,traj_follow,dequeue,1757508220.212219,1757508220.212219,0.0,356
1210,joint_state,recv,1757508220.238363,1757508220.238455,0.000092,498
1211,traj_follow,enqueue,1757508220.244025,,,357
1212,traj_follow,dequeue,1757508220.244025,1757508220.244025,0.0,357
1213,joint_state,recv,1757508220.272391,1757508220.272525,0.000134,499
1214,traj_follow,enqueue,1757508220.277420,,,358
1215,traj_follow,dequeue,1757508220.277420,1757508220.277420,0.0,358
1216,joint_state,recv,1757508220.304392,1757508220.304534,0.000142,500
1217,traj_follow,enqueue,1757508220.310738,,,359
1218,traj_follow,dequeue,1757508220.310738,1757508220.310738,0.0,359
1219,joint_state,recv,1757508220.338363,1757508220.338488,0.000126,501
1220,traj_follow,enqueue,1757508220.344495,,,360
1221,traj_follow,dequeue,1757508220.344495,1757508220.344495,0.0,360
1222,joint_state,recv,1757508220.372447,1757508220.372588,0.000141,502
1223,traj_follow,enqueue,1757508220.378693,,,361
1224,traj_follow,dequeue,1757508220.378693,1757508220.378693,0.0,361
1225,joint_state,recv,1757508220.404367,1757508220.404504,0.000137,503
1226,traj_follow,enqueue,1757508220.410838,,,362
1227,traj_follow,dequeue,1757508220.410838,1757508220.410838,0.0,362
1228,joint_state,recv,1757508220.438387,1757508220.438536,0.000149,504
1229,traj_follow,enqueue,1757508220.444390,,,363
1230,traj_follow,dequeue,1757508220.444390,1757508220.444390,0.0,363
1231,joint_state,recv,1757508220.472421,1757508220.472617,0.000195,505
1232,traj_follow,enqueue,1757508220.477813,,,364
1233,traj_follow,dequeue,1757508220.477813,1757508220.477813,0.0,364
1234,joint_state,recv,1757508220.504393,1757508220.504470,0.000077,506
1235,traj_follow,enqueue,1757508220.510890,,,365
1236,traj_follow,dequeue,1757508220.510890,1757508220.510890,0.0,365
1237,joint_state,recv,1757508220.538419,1757508220.538496,0.000077,507
1238,traj_follow,enqueue,1757508220.546192,,,366
1239,traj_follow,dequeue,1757508220.546192,1757508220.546192,0.0,366
1240,joint_state,recv,1757508220.572392,1757508220.572531,0.000139,508
1241,traj_follow,enqueue,1757508220.579553,,,367
1242,traj_follow,dequeue,1757508220.579553,1757508220.579553,0.0,367
1243,joint_state,recv,1757508220.604419,1757508220.604546,0.000126,509
1244,traj_follow,enqueue,1757508220.612849,,,368
1245,traj_follow,dequeue,1757508220.612849,1757508220.612849,0.0,368
1246,joint_state,recv,1757508220.638368,1757508220.638545,0.000177,510
1247,traj_follow,enqueue,1757508220.646152,,,369
1248,traj_follow,dequeue,1757508220.646152,1757508220.646152,0.0,369
1249,joint_state,recv,1757508220.672397,1757508220.672578,0.000180,511
1250,traj_follow,enqueue,1757508220.677348,,,370
1251,traj_follow,dequeue,1757508220.677348,1757508220.677348,0.0,370
1252,joint_state,recv,1757508220.704385,1757508220.704648,0.000264,512
1253,traj_follow,enqueue,1757508220.710824,,,371
1254,traj_follow,dequeue,1757508220.710824,1757508220.710824,0.0,371
1255,joint_state,recv,1757508220.739317,1757508220.739658,0.000340,513
1256,traj_follow,enqueue,1757508220.745969,,,372
1257,traj_follow,dequeue,1757508220.745969,1757508220.745969,0.0,372
1258,joint_state,recv,1757508220.772471,1757508220.772751,0.000280,514
1259,traj_follow,enqueue,1757508220.777260,,,373
1260,traj_follow,dequeue,1757508220.777260,1757508220.777260,0.0,373
1261,joint_state,recv,1757508220.804458,1757508220.804756,0.000298,515
1262,traj_follow,enqueue,1757508220.811834,,,374
1263,traj_follow,dequeue,1757508220.811834,1757508220.811834,0.0,374
1264,joint_state,recv,1757508220.838390,1757508220.838701,0.000312,516
1265,traj_follow,enqueue,1757508220.844307,,,375
1266,traj_follow,dequeue,1757508220.844307,1757508220.844307,0.0,375
1267,joint_state,recv,1757508220.872420,1757508220.872763,0.000343,517
1268,traj_follow,enqueue,1757508220.877979,,,376
1269,traj_follow,dequeue,1757508220.877979,1757508220.877979,0.0,376
1270,joint_state,recv,1757508220.904412,1757508220.904664,0.000252,518
1271,traj_follow,enqueue,1757508220.910943,,,377
1272,traj_follow,dequeue,1757508220.910943,1757508220.910943,0.0,377
1273,joint_state,recv,1757508220.938445,1757508220.938734,0.000289,519
1274,traj_follow,enqueue,1757508220.944743,,,378
1275,traj_follow,dequeue,1757508220.944743,1757508220.944743,0.0,378
1276,joint_state,recv,1757508220.972426,1757508220.972712,0.000286,520
1277,traj_follow,enqueue,1757508220.977787,,,379
1278,traj_follow,dequeue,1757508220.977787,1757508220.977787,0.0,379
1279,joint_state,recv,1757508221.004445,1757508221.004712,0.000267,521
1280,traj_follow,enqueue,1757508221.010848,,,380
1281,traj_follow,dequeue,1757508221.010848,1757508221.010848,0.0,380
1282,joint_state,recv,1757508221.038394,1757508221.038689,0.000296,522
1283,traj_follow,enqueue,1757508221.044434,,,381
1284,traj_follow,dequeue,1757508221.044434,1757508221.044434,0.0,381
1285,joint_state,recv,1757508221.072453,1757508221.072779,0.000327,523
1286,traj_follow,enqueue,1757508221.077794,,,382
1287,traj_follow,dequeue,1757508221.077794,1757508221.077794,0.0,382
1288,joint_state,recv,1757508221.104421,1757508221.104739,0.000318,524
1289,traj_follow,enqueue,1757508221.110980,,,383
1290,traj_follow,dequeue,1757508221.110980,1757508221.110980,0.0,383
1291,joint_state,recv,1757508221.138414,1757508221.138697,0.000283,525
1292,traj_follow,enqueue,1757508221.145206,,,384
1293,traj_follow,dequeue,1757508221.145206,1757508221.145206,0.0,384
1294,joint_state,recv,1757508221.172487,1757508221.172815,0.000328,526
1295,traj_follow,enqueue,1757508221.179661,,,385
1296,traj_follow,dequeue,1757508221.179661,1757508221.179661,0.0,385
1297,joint_state,recv,1757508221.204419,1757508221.204647,0.000228,527
1298,traj_follow,enqueue,1757508221.211745,,,386
1299,traj_follow,dequeue,1757508221.211745,1757508221.211745,0.0,386
1300,joint_state,recv,1757508221.238420,1757508221.238755,0.000334,528
1301,traj_follow,enqueue,1757508221.244524,,,387
1302,traj_follow,dequeue,1757508221.244524,1757508221.244524,0.0,387
1303,joint_state,recv,1757508221.272426,1757508221.272726,0.000300,529
1304,traj_follow,enqueue,1757508221.278661,,,388
1305,traj_follow,dequeue,1757508221.278661,1757508221.278661,0.0,388
1306,joint_state,recv,1757508221.304463,1757508221.304724,0.000261,530
1307,traj_follow,enqueue,1757508221.311647,,,389
1308,traj_follow,dequeue,1757508221.311647,1757508221.311647,0.0,389
1309,joint_state,recv,1757508221.339371,1757508221.339738,0.000366,531
1310,traj_follow,enqueue,1757508221.345236,,,390
1311,traj_follow,dequeue,1757508221.345236,1757508221.345236,0.0,390
1312,joint_state,recv,1757508221.372456,1757508221.372713,0.000256,532
1313,traj_follow,enqueue,1757508221.384646,,,391
1314,traj_follow,dequeue,1757508221.384646,1757508221.384646,0.0,391
1315,joint_state,recv,1757508221.404566,1757508221.404830,0.000264,533
1316,traj_follow,enqueue,1757508221.411593,,,392
1317,traj_follow,dequeue,1757508221.411593,1757508221.411593,0.0,392
1318,joint_state,recv,1757508221.438399,1757508221.438709,0.000310,534
1319,traj_follow,enqueue,1757508221.445410,,,393
1320,traj_follow,dequeue,1757508221.445410,1757508221.445410,0.0,393
1321,joint_state,recv,1757508221.472384,1757508221.472660,0.000276,535
1322,traj_follow,enqueue,1757508221.478768,,,394
1323,traj_follow,dequeue,1757508221.478768,1757508221.478768,0.0,394
1324,joint_state,recv,1757508221.504417,1757508221.504684,0.000267,536
1325,traj_follow,enqueue,1757508221.512214,,,395
1326,traj_follow,dequeue,1757508221.512214,1757508221.512214,0.0,395
1327,joint_state,recv,1757508221.538428,1757508221.538708,0.000280,537
1328,traj_follow,enqueue,1757508221.545963,,,396
1329,traj_follow,dequeue,1757508221.545963,1757508221.545963,0.0,396
1330,joint_state,recv,1757508221.572422,1757508221.572752,0.000329,538
1331,traj_follow,enqueue,1757508221.578042,,,397
1332,traj_follow,dequeue,1757508221.578042,1757508221.578042,0.0,397
1333,joint_state,recv,1757508221.604458,1757508221.604707,0.000248,539
1334,traj_follow,enqueue,1757508221.612164,,,398
1335,traj_follow,dequeue,1757508221.612164,1757508221.612164,0.0,398
1336,joint_state,recv,1757508221.638426,1757508221.638627,0.000202,540
1337,traj_follow,enqueue,1757508221.645024,,,399
1338,traj_follow,dequeue,1757508221.645024,1757508221.645024,0.0,399
1339,joint_state,recv,1757508221.672431,1757508221.672672,0.000241,541
1340,traj_follow,enqueue,1757508221.678759,,,400
1341,traj_follow,dequeue,1757508221.678759,1757508221.678759,0.0,400
1342,joint_state,recv,1757508221.704512,1757508221.704764,0.000252,542
1343,traj_follow,enqueue,1757508221.711782,,,401
1344,traj_follow,dequeue,1757508221.711782,1757508221.711782,0.0,401
1345,joint_state,recv,1757508221.738387,1757508221.738641,0.000254,543
1346,traj_follow,enqueue,1757508221.745168,,,402
1347,traj_follow,dequeue,1757508221.745168,1757508221.745168,0.0,402
1348,joint_state,recv,1757508221.772420,1757508221.772727,0.000307,544
1349,traj_follow,enqueue,1757508221.779001,,,403
1350,traj_follow,dequeue,1757508221.779001,1757508221.779001,0.0,403
1351,joint_state,recv,1757508221.804412,1757508221.804720,0.000309,545
1352,traj_follow,enqueue,1757508221.812403,,,404
1353,traj_follow,dequeue,1757508221.812403,1757508221.812403,0.0,404
1354,joint_state,recv,1757508221.838420,1757508221.838664,0.000244,546
1355,traj_follow,enqueue,1757508221.845404,,,405
1356,traj_follow,dequeue,1757508221.845404,1757508221.845404,0.0,405
1357,joint_state,recv,1757508221.872390,1757508221.872597,0.000206,547
1358,traj_follow,enqueue,1757508221.878735,,,406
1359,traj_follow,dequeue,1757508221.878735,1757508221.878735,0.0,406
1360,joint_state,recv,1757508221.904390,1757508221.904666,0.000276,548
1361,traj_follow,enqueue,1757508221.912293,,,407
1362,traj_follow,dequeue,1757508221.912293,1757508221.912293,0.0,407
1363,joint_state,recv,1757508221.938444,1757508221.938698,0.000253,549
1364,traj_follow,enqueue,1757508221.945136,,,408
1365,traj_follow,dequeue,1757508221.945136,1757508221.945136,0.0,408
1366,joint_state,recv,1757508221.972391,1757508221.972683,0.000292,550
1367,traj_follow,enqueue,1757508221.978687,,,409
1368,traj_follow,dequeue,1757508221.978687,1757508221.978687,0.0,409
1369,joint_state,recv,1757508222.004416,1757508222.004660,0.000245,551
1370,traj_follow,enqueue,1757508222.012372,,,410
1371,traj_follow,dequeue,1757508222.012372,1757508222.012372,0.0,410
1372,joint_state,recv,1757508222.038457,1757508222.038745,0.000288,552
1373,traj_follow,enqueue,1757508222.044989,,,411
1374,traj_follow,dequeue,1757508222.044989,1757508222.044989,0.0,411
1375,joint_state,recv,1757508222.072417,1757508222.072685,0.000269,553
1376,traj_follow,enqueue,1757508222.078939,,,412
1377,traj_follow,dequeue,1757508222.078939,1757508222.078939,0.0,412
1378,joint_state,recv,1757508222.104414,1757508222.104739,0.000325,554
1379,traj_follow,enqueue,1757508222.112796,,,413
1380,traj_follow,dequeue,1757508222.112796,1757508222.112796,0.0,413
1381,joint_state,recv,1757508222.138399,1757508222.138659,0.000260,555
1382,traj_follow,enqueue,1757508222.145007,,,414
1383,traj_follow,dequeue,1757508222.145007,1757508222.145007,0.0,414
1384,joint_state,recv,1757508222.172385,1757508222.172618,0.000233,556
1385,traj_follow,enqueue,1757508222.178322,,,415
1386,traj_follow,dequeue,1757508222.178322,1757508222.178322,0.0,415
1387,joint_state,recv,1757508222.204350,1757508222.204649,0.000299,557
1388,traj_follow,enqueue,1757508222.212279,,,416
1389,traj_follow,dequeue,1757508222.212279,1757508222.212279,0.0,416
1390,joint_state,recv,1757508222.238356,1757508222.238601,0.000245,558
1391,traj_follow,enqueue,1757508222.244935,,,417
1392,traj_follow,dequeue,1757508222.244935,1757508222.244935,0.0,417
1393,joint_state,recv,1757508222.272438,1757508222.272737,0.000299,559
1394,traj_follow,enqueue,1757508222.278510,,,418
1395,traj_follow,dequeue,1757508222.278510,1757508222.278510,0.0,418
1396,joint_state,recv,1757508222.304422,1757508222.304718,0.000296,560
1397,traj_follow,enqueue,1757508222.312435,,,419
1398,traj_follow,dequeue,1757508222.312435,1757508222.312435,0.0,419
1399,joint_state,recv,1757508222.338382,1757508222.338646,0.000264,561
1400,traj_follow,enqueue,1757508222.346233,,,420
1401,traj_follow,dequeue,1757508222.346233,1757508222.346233,0.0,420
1402,joint_state,recv,1757508222.372471,1757508222.372715,0.000243,562
1403,traj_follow,enqueue,1757508222.378860,,,421
1404,traj_follow,dequeue,1757508222.378860,1757508222.378860,0.0,421
1405,joint_state,recv,1757508222.404398,1757508222.404680,0.000282,563
1406,traj_follow,enqueue,1757508222.411842,,,422
1407,traj_follow,dequeue,1757508222.411842,1757508222.411842,0.0,422
1408,joint_state,recv,1757508222.438416,1757508222.438713,0.000296,564
1409,traj_follow,enqueue,1757508222.445696,,,423
1410,traj_follow,dequeue,1757508222.445696,1757508222.445696,0.0,423
1411,joint_state,recv,1757508222.472420,1757508222.472732,0.000313,565
1412,traj_follow,enqueue,1757508222.478851,,,424
1413,traj_follow,dequeue,1757508222.478851,1757508222.478851,0.0,424
1414,joint_state,recv,1757508222.504442,1757508222.504745,0.000303,566
1415,traj_follow,enqueue,1757508222.511901,,,425
1416,traj_follow,dequeue,1757508222.511901,1757508222.511901,0.0,425
1417,joint_state,recv,1757508222.538461,1757508222.538791,0.000330,567
1418,traj_follow,enqueue,1757508222.546190,,,426
1419,traj_follow,dequeue,1757508222.546190,1757508222.546190,0.0,426
1420,joint_state,recv,1757508222.572439,1757508222.572727,0.000287,568
1421,traj_follow,enqueue,1757508222.579835,,,427
1422,traj_follow,dequeue,1757508222.579835,1757508222.579835,0.0,427
1423,joint_state,recv,1757508222.604409,1757508222.604683,0.000274,569
1424,traj_follow,enqueue,1757508222.612949,,,428
1425,traj_follow,dequeue,1757508222.612949,1757508222.612949,0.0,428
1426,joint_state,recv,1757508222.638373,1757508222.638553,0.000180,570
1427,traj_follow,enqueue,1757508222.646199,,,429
1428,traj_follow,dequeue,1757508222.646199,1757508222.646199,0.0,429
1429,joint_state,recv,1757508222.672462,1757508222.672695,0.000233,571
1430,traj_follow,enqueue,1757508222.679011,,,430
1431,traj_follow,dequeue,1757508222.679011,1757508222.679011,0.0,430
1432,joint_state,recv,1757508222.704419,1757508222.704799,0.000380,572
1433,traj_follow,enqueue,1757508222.712204,,,431
1434,traj_follow,dequeue,1757508222.712204,1757508222.712204,0.0,431
1435,joint_state,recv,1757508222.738429,1757508222.738882,0.000453,573
1436,traj_follow,enqueue,1757508222.745718,,,432
1437,traj_follow,dequeue,1757508222.745718,1757508222.745718,0.0,432
1438,joint_state,recv,1757508222.772441,1757508222.772894,0.000453,574
1439,traj_follow,enqueue,1757508222.778940,,,433
1440,traj_follow,dequeue,1757508222.778940,1757508222.778940,0.0,433
1441,joint_state,recv,1757508222.804427,1757508222.804801,0.000374,575
1442,traj_follow,enqueue,1757508222.812667,,,434
1443,traj_follow,dequeue,1757508222.812667,1757508222.812667,0.0,434
1444,joint_state,recv,1757508222.838418,1757508222.838795,0.000377,576
1445,traj_follow,enqueue,1757508222.846116,,,435
1446,traj_follow,dequeue,1757508222.846116,1757508222.846116,0.0,435
1447,joint_state,recv,1757508222.872428,1757508222.872633,0.000204,577
1448,traj_follow,enqueue,1757508222.878993,,,436
1449,traj_follow,dequeue,1757508222.878993,1757508222.878993,0.0,436
1450,joint_state,recv,1757508222.904379,1757508222.904570,0.000191,578
1451,traj_follow,enqueue,1757508222.914485,,,437
1452,traj_follow,dequeue,1757508222.914485,1757508222.914485,0.0,437
1453,joint_state,recv,1757508222.938414,1757508222.938659,0.000245,579
1454,traj_follow,enqueue,1757508222.945868,,,438
1455,traj_follow,dequeue,1757508222.945868,1757508222.945868,0.0,438
1456,joint_state,recv,1757508222.972430,1757508222.972648,0.000218,580
1457,traj_follow,enqueue,1757508222.979048,,,439
1458,traj_follow,dequeue,1757508222.979048,1757508222.979048,0.0,439
1459,joint_state,recv,1757508223.004383,1757508223.004563,0.000180,581
1460,traj_follow,enqueue,1757508223.013428,,,440
1461,traj_follow,dequeue,1757508223.013428,1757508223.013428,0.0,440
1462,joint_state,recv,1757508223.038411,1757508223.038602,0.000191,582
1463,traj_follow,enqueue,1757508223.046189,,,441
1464,traj_follow,dequeue,1757508223.046189,1757508223.046189,0.0,441
1465,joint_state,recv,1757508223.072414,1757508223.072613,0.000198,583
1466,traj_follow,enqueue,1757508223.079200,,,442
1467,traj_follow,dequeue,1757508223.079200,1757508223.079200,0.0,442
1468,joint_state,recv,1757508223.104413,1757508223.104610,0.000196,584
1469,traj_follow,enqueue,1757508223.112933,,,443
1470,traj_follow,dequeue,1757508223.112933,1757508223.112933,0.0,443
1471,joint_state,recv,1757508223.138412,1757508223.138782,0.000370,585
1472,traj_follow,enqueue,1757508223.146509,,,444
1473,traj_follow,dequeue,1757508223.146509,1757508223.146509,0.0,444
1474,joint_state,recv,1757508223.172451,1757508223.172853,0.000402,586
1475,traj_follow,enqueue,1757508223.179358,,,445
1476,traj_follow,dequeue,1757508223.179358,1757508223.179358,0.0,445
1477,joint_state,recv,1757508223.206450,1757508223.206893,0.000443,587
1478,traj_follow,enqueue,1757508223.213238,,,446
1479,traj_follow,dequeue,1757508223.213238,1757508223.213238,0.0,446
1480,joint_state,recv,1757508223.238459,1757508223.238854,0.000395,588
1481,traj_follow,enqueue,1757508223.246636,,,447
1482,traj_follow,dequeue,1757508223.246636,1757508223.246636,0.0,447
1483,joint_state,recv,1757508223.272490,1757508223.272954,0.000463,589
1484,traj_follow,enqueue,1757508223.279942,,,448
1485,traj_follow,dequeue,1757508223.279942,1757508223.279942,0.0,448
1486,joint_state,recv,1757508223.304453,1757508223.304804,0.000351,590
1487,traj_follow,enqueue,1757508223.313110,,,449
1488,traj_follow,dequeue,1757508223.313110,1757508223.313110,0.0,449
1489,joint_state,recv,1757508223.338407,1757508223.338785,0.000379,591
1490,traj_follow,enqueue,1757508223.346150,,,450
1491,traj_follow,dequeue,1757508223.346150,1757508223.346150,0.0,450
1492,joint_state,recv,1757508223.372416,1757508223.372832,0.000415,592
1493,traj_follow,enqueue,1757508223.379645,,,451
1494,traj_follow,dequeue,1757508223.379645,1757508223.379645,0.0,451
1495,joint_state,recv,1757508223.404429,1757508223.404809,0.000380,593
1496,traj_follow,enqueue,1757508223.413505,,,452
1497,traj_follow,dequeue,1757508223.413505,1757508223.413505,0.0,452
1498,joint_state,recv,1757508223.438446,1757508223.438953,0.000507,594
1499,traj_follow,enqueue,1757508223.446858,,,453
1500,traj_follow,dequeue,1757508223.446858,1757508223.446858,0.0,453
1501,joint_state,recv,1757508223.472455,1757508223.472828,0.000374,595
1502,traj_follow,enqueue,1757508223.480405,,,454
1503,traj_follow,dequeue,1757508223.480405,1757508223.480405,0.0,454
1504,joint_state,recv,1757508223.506486,1757508223.506929,0.000443,596
1505,traj_follow,enqueue,1757508223.512728,,,455
1506,traj_follow,dequeue,1757508223.512728,1757508223.512728,0.0,455
1507,joint_state,recv,1757508223.540655,1757508223.540992,0.000337,597
1508,traj_follow,enqueue,1757508223.546833,,,456
1509,traj_follow,dequeue,1757508223.546833,1757508223.546833,0.0,456
1510,joint_state,recv,1757508223.572406,1757508223.572706,0.000299,598
1511,traj_follow,enqueue,1757508223.580344,,,457
1512,traj_follow,dequeue,1757508223.580344,1757508223.580344,0.0,457
1513,joint_state,recv,1757508223.604728,1757508223.605023,0.000295,599
1514,traj_follow,enqueue,1757508223.613361,,,458
1515,traj_follow,dequeue,1757508223.613361,1757508223.613361,0.0,458
1516,joint_state,recv,1757508223.638397,1757508223.638673,0.000276,600
1517,traj_follow,enqueue,1757508223.646789,,,459
1518,traj_follow,dequeue,1757508223.646789,1757508223.646789,0.0,459
1519,joint_state,recv,1757508223.672467,1757508223.672700,0.000232,601
1520,traj_follow,enqueue,1757508223.680452,,,460
1521,traj_follow,dequeue,1757508223.680452,1757508223.680452,0.0,460
1522,joint_state,recv,1757508223.704402,1757508223.704630,0.000228,602
1523,traj_follow,enqueue,1757508223.713021,,,461
1524,traj_follow,dequeue,1757508223.713021,1757508223.713021,0.0,461
1525,joint_state,recv,1757508223.738437,1757508223.738716,0.000279,603
1526,traj_follow,enqueue,1757508223.746548,,,462
1527,traj_follow,dequeue,1757508223.746548,1757508223.746548,0.0,462
1528,joint_state,recv,1757508223.772425,1757508223.772660,0.000235,604
1529,traj_follow,enqueue,1757508223.779689,,,463
1530,traj_follow,dequeue,1757508223.779689,1757508223.779689,0.0,463
1531,joint_state,recv,1757508223.804395,1757508223.804710,0.000315,605
1532,traj_follow,enqueue,1757508223.812964,,,464
1533,traj_follow,dequeue,1757508223.812964,1757508223.812964,0.0,464
1534,joint_state,recv,1757508223.838415,1757508223.838697,0.000282,606
1535,traj_follow,enqueue,1757508223.846115,,,465
1536,traj_follow,dequeue,1757508223.846115,1757508223.846115,0.0,465
1537,joint_state,recv,1757508223.872445,1757508223.872658,0.000213,607
1538,traj_follow,enqueue,1757508223.879503,,,466
1539,traj_follow,dequeue,1757508223.879503,1757508223.879503,0.0,466
1540,joint_state,recv,1757508223.904386,1757508223.904639,0.000253,608
1541,traj_follow,enqueue,1757508223.912868,,,467
1542,traj_follow,dequeue,1757508223.912868,1757508223.912868,0.0,467
1543,joint_state,recv,1757508223.938426,1757508223.938728,0.000302,609
1544,traj_follow,enqueue,1757508223.946190,,,468
1545,traj_follow,dequeue,1757508223.946190,1757508223.946190,0.0,468
1546,joint_state,recv,1757508223.972373,1757508223.972563,0.000190,610
1547,traj_follow,enqueue,1757508223.979584,,,469
1548,traj_follow,dequeue,1757508223.979584,1757508223.979584,0.0,469
1549,joint_state,recv,1757508224.004391,1757508224.004663,0.000272,611
